country,Year,predicted_solar_generation (twh)_generation,predicted_solar_consumption_consumption
Africa,2021,8.475894951,13.69286873474039
Africa,2022,8.505640629027999,15.234060206686351
Africa,2023,8.075411832965347,16.30673532219378
Africa,2024,7.837863219064046,17.643097883139415
Africa,2025,7.663490244173603,17.961703121255187
Africa,2026,7.684663716946157,18.63142974176505
Africa,2027,7.6657718137654625,19.286721107975083
Algeria,2021,0.6282237860289288,0.5732898541492534
Algeria,2022,0.6234130698392779,0.591841699
Algeria,2023,0.6195515299764873,0.6377103312228081
Algeria,2024,0.6190012870055539,0.6604663159455181
Algeria,2025,0.6242289341335593,0.6632176359242177
Algeria,2026,0.6239691779769295,0.6567722252365049
Algeria,2027,0.6243739916810405,0.6469069173655224
Argentina,2021,1.5047440855745822,1.4413495060548276
Argentina,2022,1.580762846060836,1.3937412076434552
Argentina,2023,1.5261285193920489,1.3726859285904733
Argentina,2024,1.5070762295668128,1.3636274582879933
Argentina,2025,1.5359463592628098,1.3740557560040367
Argentina,2026,1.5246916576979441,1.4072127007633621
Argentina,2027,1.5739001007603215,1.4334407374701839
Asia Pacific,2021,0,0
Asia Pacific,2022,0,0
Asia Pacific,2023,0,0
Asia Pacific,2024,0,0
Asia Pacific,2025,0,0
Asia Pacific,2026,0,0
Asia Pacific,2027,0,0
Australia,2021,28.771857747380615,28.712859019744208
Australia,2022,36.97471352907475,33.00112642356206
Australia,2023,47.01172884626906,37.24834826363314
Australia,2024,56.757547070699964,42.31773855906192
Australia,2025,66.81596491,47.962384686470756
Australia,2026,76.09860020048845,53.30148788426339
Australia,2027,85.57048638480447,57.98461920530593
Austria,2021,2.3793120449933296,1.4918130325318222
Austria,2022,2.693153502477817,1.400429918281144
Austria,2023,2.989397585285078,1.3137853253963927
Austria,2024,3.2677611595518785,1.2202962818918672
Austria,2025,3.524712714262483,1.1469381005588908
Austria,2026,3.7624746994481377,0.8364723439034866
Austria,2027,3.9971666246043744,0.6366657504672982
Azerbaijan,2021,0.05,0.048412162925792326
Azerbaijan,2022,0.05,0.049680879
Azerbaijan,2023,0.05,0.050645615190349894
Azerbaijan,2024,0.052499973,0.051195108
Azerbaijan,2025,0.052499973,0.051598535
Azerbaijan,2026,0.052499972878494526,0.051904228
Azerbaijan,2027,0.052499972881325505,0.052106677998744265
Bangladesh,2021,0.4447130338829771,0.5028772418960122
Bangladesh,2022,0.47714192748106454,0.5762580608920437
Bangladesh,2023,0.5241889655601515,0.6370805146588192
Bangladesh,2024,0.560336443,0.6950945036166793
Bangladesh,2025,0.603303747,0.7406378514417957
Bangladesh,2026,0.6412986781274808,0.7991795899392355
Bangladesh,2027,0.6733712164756357,0.8582754750164565
Belarus,2021,0.2265905926198274,0.2048136329484932
Belarus,2022,0.22825507583035146,0.18900859737165338
Belarus,2023,0.1996935654683551,0.1926236399620518
Belarus,2024,0.22600951002817554,0.18073527281054233
Belarus,2025,0.23781927434345468,0.18165983429196927
Belarus,2026,0.23137481632505202,0.1761990504009308
Belarus,2027,0.24773736021283158,0.17533634703921577
Belgium,2021,5.677644385657595,5.7056957111082465
Belgium,2022,6.102593876845354,6.153328869922328
Belgium,2023,6.516884287009565,6.585816539310872
Belgium,2024,6.760078991,6.8217908639495715
Belgium,2025,6.979400338338916,7.057662810249661
Belgium,2026,7.406832896711225,7.4848818530538965
Belgium,2027,7.730151737182995,7.8066953405224915
Brazil,2021,15.776100705308668,7.878899956478362
Brazil,2022,20.717300871730075,8.546942343972544
Brazil,2023,25.43765651806479,9.696330758049303
Brazil,2024,29.95655465887471,9.787738507265152
Brazil,2025,33.74116324508488,9.186786620091908
Brazil,2026,36.79256238882077,9.132343856437737
Brazil,2027,39.292977009886194,9.579686986225314
Bulgaria,2021,1.4453900194402658,1.4663639694938393
Bulgaria,2022,1.4564103983782137,1.478921145022041
Bulgaria,2023,1.4706712475551114,1.4933012197307485
Bulgaria,2024,1.4669465390713627,1.4920083793333683
Bulgaria,2025,1.4594224967033556,1.483958282898057
Bulgaria,2026,1.4658709595772064,1.4891712143875055
Bulgaria,2027,1.473844743358483,1.5000217394563864
CIS,2021,12.802897914516269,12.871380757511776
CIS,2022,28.704102292789432,29.17454251197665
CIS,2023,54.31772799689263,56.120062010221275
CIS,2024,89.68193211088605,94.64693545
CIS,2025,132.72418992163327,143.70530621569432
CIS,2026,179.7315240652311,200.40958631600157
CIS,2027,226.2569571467001,260.6556268226935
Canada,2021,4.737358356203287,4.873544750459229
Canada,2022,4.522145763000527,4.719635484225709
Canada,2023,4.666141386959877,4.909092800243209
Canada,2024,4.825126694159994,5.135547029788499
Canada,2025,4.800074237993047,5.1177680833255375
Canada,2026,4.991081338981821,5.313084815595451
Canada,2027,4.878009402376782,5.260004810604959
Chile,2021,9.333813958226553,9.053943204276528
Chile,2022,11.508416400275433,10.608714545777051
Chile,2023,13.433802439914027,12.111859411083712
Chile,2024,15.257925268145112,13.440966076318835
Chile,2025,16.746467606572807,14.640667801029863
Chile,2026,18.463622664433586,15.743763079160267
Chile,2027,20.256819079220236,16.81376086738828
China,2021,290.11340953942243,290.09600320194033
China,2022,303.98163439289755,303.9291888
China,2023,303.9194321368148,303.84207129688957
China,2024,297.4294774143812,297.3458988787558
China,2025,286.80542990165895,286.71661176791514
China,2026,273.94374419732554,273.8490666
China,2027,263.97319426893483,263.8824355305182
Colombia,2021,0.18464990126637207,0.17776797422757323
Colombia,2022,0.18063046978200123,0.17305750075558937
Colombia,2023,0.17778497789984227,0.17144533093610004
Colombia,2024,0.17293851553029427,0.17153396179782524
Colombia,2025,0.17134961401367918,0.17081549070469376
Colombia,2026,0.17211450742731874,0.17006315186513607
Colombia,2027,0.17262007421462558,0.16993399548069976
Croatia,2021,0.11042789277319615,0.090287965
Croatia,2022,0.1211545908537733,0.095624718
Croatia,2023,0.1266406455344655,0.098981995
Croatia,2024,0.12112892376863182,0.10241364265794377
Croatia,2025,0.12539837088359057,0.10369118827290193
Croatia,2026,0.1339731947158312,0.10500556120857304
Croatia,2027,0.13843132555035648,0.10628459808283419
Cyprus,2021,0.35052595290382527,0.4329863333362519
Cyprus,2022,0.41494745462308114,0.5445677988186945
Cyprus,2023,0.4632636582446953,0.6529547081560573
Cyprus,2024,0.4825632420159213,0.6948865699617225
Cyprus,2025,0.5406950715241076,0.7418427867486113
Cyprus,2026,0.5780619505165047,0.8001758655186532
Cyprus,2027,0.6459457308686135,0.8568950050593652
Czechia,2021,2.3318270885338075,2.2651069603702005
Czechia,2022,2.3517518102011357,2.2820024809737443
Czechia,2023,2.3266384161771647,2.257554534445191
Czechia,2024,2.3339139327980547,2.262678163803361
Czechia,2025,2.3521139863840985,2.2795433276717625
Czechia,2026,2.3491164154636412,2.275530427043633
Czechia,2027,2.343289166455403,2.2680254476656025
Denmark,2021,1.390840638,1.372868856164071
Denmark,2022,1.3732734866523195,1.3681329206108217
Denmark,2023,1.5411495213896507,1.5366079937293535
Denmark,2024,1.5677861316840997,1.5535374849881447
Denmark,2025,1.6905109359659227,1.685200254220037
Denmark,2026,1.7950705442163142,1.776857516861589
Denmark,2027,1.8234499376716382,1.814913806384514
Eastern Africa,2021,0.8378184458563727,0.8392264521236845
Eastern Africa,2022,0.8690287162860539,0.870507567
Eastern Africa,2023,0.9033057439528038,0.9039181285799097
Eastern Africa,2024,0.938036991,0.9360581611236133
Eastern Africa,2025,0.9642791029990218,0.9600659989654339
Eastern Africa,2026,0.9908305582896115,0.9838530205237163
Eastern Africa,2027,1.002810283894095,0.9952518117509286
Ecuador,2021,0.035301439275778085,0.15285798100192835
Ecuador,2022,0.034480677456438416,0.15439377800600856
Ecuador,2023,0.037316021,0.23308855323277256
Ecuador,2024,0.037207915,0.26122702886198407
Ecuador,2025,0.037179307,0.25770521677341907
Ecuador,2026,0.037244628,0.25329168656398715
Ecuador,2027,0.037036435996207165,0.29990071322034245
Egypt,2021,1.3678459694207874,3.922229101615083
Egypt,2022,0.9374747447216627,5.206358441938322
Egypt,2023,0.9265060799892778,6.067899475729151
Egypt,2024,1.0706679922277864,7.577047847985719
Egypt,2025,1.157047957759842,8.304705308
Egypt,2026,1.526280647644227,9.093392459763061
Egypt,2027,1.4762665400265882,10.017165521587316
Estonia,2021,0.16477903045184344,0.14635709440655426
Estonia,2022,0.21352880130151564,0.17468878160605478
Estonia,2023,0.2651706071998177,0.19587068354591797
Estonia,2024,0.31959622412554367,0.21115657971098528
Estonia,2025,0.3678739417993685,0.22289262321331188
Estonia,2026,0.41234287217760357,0.2289996788242335
Estonia,2027,0.4512859498188516,0.2371477593151329
Europe,2021,191.64951268728993,206.34273232232516
Europe,2022,213.6937725515763,226.92181618658924
Europe,2023,233.93771973235002,248.49824515501305
Europe,2024,247.6062107219235,265.6354888103556
Europe,2025,258.03468471930046,276.4831881702677
Europe,2026,267.9105665139049,290.4002431961607
Europe,2027,277.6414521558511,304.9044740195562
Finland,2021,0.2855609748369299,0.3496883179277909
Finland,2022,0.3477110121806889,0.525296078
Finland,2023,0.39665688913701697,0.6774594510363201
Finland,2024,0.42767615223388117,0.891111352
Finland,2025,0.4537999991400505,1.1112419642286802
Finland,2026,0.47060123001023074,1.3569492013652382
Finland,2027,0.4852590244712826,1.6168351361020519
France,2021,14.540515062166019,14.41201690967844
France,2022,15.672310772431079,15.676443797144326
France,2023,16.694595839080755,16.847728300221153
France,2024,17.63774953034308,17.970199592897025
France,2025,18.569534822422217,19.05554345107418
France,2026,19.473494838372808,20.09515932
France,2027,20.330219114621993,21.10141412238429
Germany,2021,56.68578825912201,57.244837532710434
Germany,2022,61.107760935096124,60.824795280859156
Germany,2023,64.32696421852047,61.60195002888086
Germany,2024,70.08244332895222,66.53679198841763
Germany,2025,72.68237619325026,68.73853500335906
Germany,2026,72.47368246118342,68.66307755121431
Germany,2027,75.44687872616146,71.47841248
Greece,2021,4.452113008413577,5.139240946966446
Greece,2022,4.380492647029994,5.200537894447912
Greece,2023,4.491289556222086,5.366144878236641
Greece,2024,4.279015309,5.245556397689844
Greece,2025,4.440641839146293,5.2685446420094575
Greece,2026,4.443464868379298,5.361995719227292
Greece,2027,4.475768528368136,5.518932739682433
Hong Kong,2021,0.01,0.001125
Hong Kong,2022,0.01,0.001125
Hong Kong,2023,0.01,0.001125
Hong Kong,2024,0.01,0.001125
Hong Kong,2025,0.01,0.001125
Hong Kong,2026,0.01,0.001125
Hong Kong,2027,0.01,0.001125
Hungary,2021,2.892687923,2.5376136675051812
Hungary,2022,3.2427049040713127,2.6011699038457303
Hungary,2023,3.8730283495359252,3.165440466686411
Hungary,2024,4.4111053124614426,3.6687410588276688
Hungary,2025,4.682581882978859,3.7069232269677186
Hungary,2026,4.869251300831037,3.7203953698710697
Hungary,2027,5.054229006202461,3.945188070959344
Iceland,2021,0,0
Iceland,2022,0,0
Iceland,2023,0,0
Iceland,2024,0,0
Iceland,2025,0,0
Iceland,2026,0,0
Iceland,2027,0,0
India,2021,71.55876794559757,71.61568122584681
India,2022,88.71950118727445,88.82679682817793
India,2023,103.4167608714666,103.56675153816083
India,2024,118.09274535115719,118.2760776650489
India,2025,130.9568275702618,131.20895515502121
India,2026,145.7987761278575,146.13726284177764
India,2027,159.35791359446694,159.7836338951033
Indonesia,2021,0.052210466,1.767996391754401
Indonesia,2022,0.065897177,4.417964050377267
Indonesia,2023,0.076230128,8.494066058112498
Indonesia,2024,0.067477827,13.57933261881908
Indonesia,2025,0.089306176,18.79561791
Indonesia,2026,0.091486542,23.229890650542252
Indonesia,2027,0.091232421,26.245000983512078
Iran,2021,0.5673209718156741,0.4376014521486311
Iran,2022,0.6500152693538535,0.5428485256467832
Iran,2023,0.6257620348359242,0.5559275344843255
Iran,2024,0.6464545587908525,0.5735908630426766
Iran,2025,0.6800975299119365,0.6286560583273759
Iran,2026,0.6775569694285396,0.6349057104362423
Iran,2027,0.6840118310213535,0.5984937718756818
Iraq,2021,0.060000128,0.37417597163289096
Iraq,2022,0.060000154,0.41377069557085994
Iraq,2023,0.060000154,0.6006491086448176
Iraq,2024,0.060000154,0.5900372927691048
Iraq,2025,0.060000154,0.5908837012368242
Iraq,2026,0.060000153608644434,0.5929491139862499
Iraq,2027,0.060000154,0.6394678997376391
Ireland,2021,0.074022117,0.023404714
Ireland,2022,0.094681717,0.024749088716968425
Ireland,2023,0.1186463835243179,0.025865238469227766
Ireland,2024,0.14104600504257192,0.026911098194453253
Ireland,2025,0.15927825628109882,0.027805420522361207
Ireland,2026,0.17981924900715618,0.028566100260394817
Ireland,2027,0.20052598438680547,0.029168272359903578
Israel,2021,3.241404163219487,7.691499196455218
Israel,2022,4.146652753358253,8.753681505916203
Israel,2023,5.7385997621410905,8.990000501705481
Israel,2024,5.571615394855284,9.500001006653326
Israel,2025,5.536861952,10.764428091565392
Israel,2026,6.577664068472172,12.252109129587431
Israel,2027,7.241885415,13.217306385085074
Italy,2021,25.678617650406963,27.06093546
Italy,2022,25.967207753927106,27.73381177880952
Italy,2023,26.254021070409127,28.064448169082663
Italy,2024,26.074859394836352,27.962676522910428
Italy,2025,26.16904101839728,28.072789136353283
Italy,2026,26.25625742332873,28.22961572404862
Italy,2027,26.26332642763162,28.258091617509642
Japan,2021,92.00845642324383,92.68604316106502
Japan,2022,107.29406598047319,101.96062391939017
Japan,2023,122.1300196310701,110.59303277802073
Japan,2024,134.9088656165971,117.90540353831062
Japan,2025,144.8304148356493,125.1126227275689
Japan,2026,153.43151957607384,131.7416322202873
Japan,2027,162.6743902439681,137.5853248152684
Kazakhstan,2021,6.898809909888912,6.981534831155402
Kazakhstan,2022,13.172616439588754,13.318763369061395
Kazakhstan,2023,20.117588367264027,20.250901236201138
Kazakhstan,2024,26.262836461029444,26.31144029743198
Kazakhstan,2025,30.879953475711453,30.76270974
Kazakhstan,2026,33.749604929086686,33.50085818879607
Kazakhstan,2027,35.38056510538028,35.043252224157534
Kuwait,2021,0.020000040205121833,0.15321602721907837
Kuwait,2022,0.015318142226426811,0.15321604792919696
Kuwait,2023,0.015318196282983407,0.15321604943980383
Kuwait,2024,0.014005459003268694,0.15321605089996984
Kuwait,2025,0.014005469172767055,0.15321605098349875
Kuwait,2026,0.016351533,0.15321605098349977
Kuwait,2027,0.016351504109548415,0.15321605098350052
Latvia,2021,0,0.003137
Latvia,2022,0,0.003137
Latvia,2023,0,0.003137
Latvia,2024,0,0.003137
Latvia,2025,0,0.003137
Latvia,2026,0,0.003137
Latvia,2027,0,0.003137
Lithuania,2021,0.15301923730814931,0.083900466
Lithuania,2022,0.15668152739882976,0.082769502
Lithuania,2023,0.16020433409074664,0.087885219
Lithuania,2024,0.15705499,0.092494247
Lithuania,2025,0.17772166082950858,0.091699104
Lithuania,2026,0.18329392257497887,0.088416129
Lithuania,2027,0.20416291798823358,0.087495104
Luxembourg,2021,0.18527184557670617,0.248466241
Luxembourg,2022,0.2057583470914873,0.26546341260893525
Luxembourg,2023,0.21424895524462756,0.28645251816853745
Luxembourg,2024,0.22380893876036084,0.2833028895603303
Luxembourg,2025,0.23081684124212268,0.28866582942640917
Luxembourg,2026,0.2382111125126721,0.29621271036200325
Luxembourg,2027,0.2535857240466848,0.3365638683998859
Malaysia,2021,0.906861306,1.1804939851969003
Malaysia,2022,1.0285103406440652,1.7003692632675176
Malaysia,2023,1.2649510166528057,1.6232893888482423
Malaysia,2024,1.4474861217399355,2.2605064157878596
Malaysia,2025,1.5411151313951024,2.257712542076888
Malaysia,2026,1.5307185249248298,2.865318405129525
Malaysia,2027,1.5684334399201036,2.831375740271659
Mexico,2021,22.49679657676161,17.157509152709874
Mexico,2022,32.42316640114356,20.792047215047113
Mexico,2023,41.30048622,23.752675106001174
Mexico,2024,49.621461012239735,24.68087966607696
Mexico,2025,56.299600393220146,25.296679041552547
Mexico,2026,61.33314365715395,25.016026092941136
Mexico,2027,65.27657878728516,25.160426577741443
Middle Africa,2021,0.077137884,0.074169543
Middle Africa,2022,0.084562811,0.08039334
Middle Africa,2023,0.091431363,0.086316942
Middle Africa,2024,0.096687409,0.092178718
Middle Africa,2025,0.10276688453346473,0.097674411
Middle Africa,2026,0.10805995745337414,0.10079522350923449
Middle Africa,2027,0.11325002598804515,0.10473395894556249
Middle East,2021,17.684891422390223,19.07255260353495
Middle East,2022,20.970492382926793,24.267554888987515
Middle East,2023,24.547008069648328,29.133278866529505
Middle East,2024,29.273069768239033,32.649078495465375
Middle East,2025,31.91623234875467,36.53301098344114
Middle East,2026,36.16089299501035,39.62346735031669
Middle East,2027,39.068874763658755,42.71975044769362
Morocco,2021,0.150057951,2.518665520598713
Morocco,2022,0.073652007,2.6891493606967174
Morocco,2023,0.1837846548983384,2.7307904935982803
Morocco,2024,0.25017463319072814,3.474781192795143
Morocco,2025,0.22606419539097564,3.0176912373590694
Morocco,2026,0.20748502404264738,3.2161573226734257
Morocco,2027,0.21450357444843376,3.4135826803292613
Netherlands,2021,12.164113418776992,10.584994582553056
Netherlands,2022,17.448414858543085,13.791982975530418
Netherlands,2023,22.268564377406555,16.612806186656677
Netherlands,2024,28.667333335232044,19.63563738307355
Netherlands,2025,34.02065299854739,22.41029071466263
Netherlands,2026,40.465616722287876,25.183960999547736
Netherlands,2027,45.482332908126025,27.973582345443802
New Zealand,2021,0.19671552636157932,0.19036865720581161
New Zealand,2022,0.23147890480372557,0.2192618568677683
New Zealand,2023,0.26876630532699525,0.24578877996694137
New Zealand,2024,0.305208827,0.2713403347213945
New Zealand,2025,0.34430232416735945,0.29426486123267415
New Zealand,2026,0.38198518314203184,0.3138567881779403
New Zealand,2027,0.421816929,0.32975992662164605
Non-OECD,2021,463.19865838753117,463.20228236305974
Non-OECD,2022,512.8801891707429,512.8948127368892
Non-OECD,2023,548.3341903,548.3636572394857
Non-OECD,2024,572.0386421882349,572.0784650235262
Non-OECD,2025,585.0455476583481,585.0916387423061
Non-OECD,2026,589.6683183612105,589.7198889319104
Non-OECD,2027,589.3705071042453,589.4243527930835
North America,2021,172.16683286748687,176.75536289454533
North America,2022,198.17047172981015,199.2474041507519
North America,2023,227.64759591721952,231.30828669227472
North America,2024,249.7309223744323,263.91937157318705
North America,2025,274.58717238941176,289.04283249755963
North America,2026,302.98733027201376,320.08827557792426
North America,2027,322.7466390831436,355.06056168410856
North Macedonia,2021,0.021858353,0.023537021
North Macedonia,2022,0.021858405,0.023537031
North Macedonia,2023,0.023226187386712952,0.023537034546625937
North Macedonia,2024,0.023226237635953138,0.023537034764169434
North Macedonia,2025,0.023287387587743315,0.023537035
North Macedonia,2026,0.023287405,0.023537035172969893
North Macedonia,2027,0.022981807123973932,0.023537035306253912
Norway,2021,0.048013866696448054,0.19187226207993935
Norway,2022,0.06422797,0.23944080025931103
Norway,2023,0.078822113,0.28839253042147867
Norway,2024,0.091958147,0.3439590266993949
Norway,2025,0.10378175125988207,0.38835097469458796
Norway,2026,0.11442405234132258,0.43382546584813675
Norway,2027,0.12400307478175976,0.4724943752965755
OECD,2021,520.8944243283933,533.5921234427005
OECD,2022,606.7983012045452,616.8630929953986
OECD,2023,708.8411967906081,717.5742909835025
OECD,2024,801.3235807585779,812.8670625924015
OECD,2025,899.6906649163473,911.0022731593692
OECD,2026,1007.8248008891098,1021.9841619285838
OECD,2027,1104.6999043216663,1124.735954
Oman,2021,0,0.5957267206430616
Oman,2022,0,0.8662833270766533
Oman,2023,0,0.8815836805121281
Oman,2024,0,0.8834405181773697
Oman,2025,0,1.0182793631532276
Oman,2026,0,1.1406011858829008
Oman,2027,0,1.130099113809559
Pakistan,2021,1.2218980196344909,1.695328622286199
Pakistan,2022,1.238552583142124,1.6727990841006435
Pakistan,2023,1.2273766725688051,1.6421231787217985
Pakistan,2024,1.2099978676548384,1.6200318315785929
Pakistan,2025,1.1908766499883436,1.5987289919415253
Pakistan,2026,1.1695549465240107,1.5785538810711064
Pakistan,2027,1.1502669871009392,1.5652925140774305
Peru,2021,0.8600615354536553,0.8426937793126592
Peru,2022,0.8426628252599226,0.8289069665142231
Peru,2023,1.1917103231366706,1.1749634367713337
Peru,2024,1.2989570269508348,1.2712452666832685
Peru,2025,1.2771341319029952,1.239870969419189
Peru,2026,1.362181302666932,1.3297679164865637
Peru,2027,1.3266802430019893,1.3042282566703347
Philippines,2021,1.2498764849935173,1.3983023229707614
Philippines,2022,1.2497791585159923,1.4071941475752077
Philippines,2023,1.2497963437712156,1.405397237408527
Philippines,2024,1.2497927827833923,1.4196723005983276
Philippines,2025,1.2497953346947448,1.4240093101647322
Philippines,2026,1.249795360602706,1.4255020395147666
Philippines,2027,1.2497954642378777,1.4251774915778597
Poland,2021,4.677528538149147,4.603576598978668
Poland,2022,9.628762418810041,9.229498206430815
Poland,2023,17.30843166056254,16.072047322846295
Poland,2024,27.998523236140986,25.28751278894672
Poland,2025,41.45347065269928,36.37950599237856
Poland,2026,57.12176512379328,48.79432141309766
Poland,2027,74.02471541535544,61.46120424801402
Portugal,2021,2.098851263308142,2.0649694005290717
Portugal,2022,2.405483564,2.4434289044573982
Portugal,2023,2.5515106505366516,2.6321419569089324
Portugal,2024,2.7844585557746555,2.889354393
Portugal,2025,3.087098927413136,3.1940826643531617
Portugal,2026,3.465178611,3.5260126296767003
Portugal,2027,3.8307263917816914,3.979546980790934
Qatar,2021,0.01,0.008364
Qatar,2022,0.01,0.008364
Qatar,2023,0.01,0.008364
Qatar,2024,0.01,0.008364
Qatar,2025,0.01,0.008364
Qatar,2026,0.01,0.008364
Qatar,2027,0.01,0.008364
Romania,2021,1.577333191800848,1.8617232815128624
Romania,2022,1.6279151212139622,1.8289808554775961
Romania,2023,1.6732974519478518,1.828706350295362
Romania,2024,1.6581650659567093,1.7616594753828392
Romania,2025,1.6805931836427843,1.8099270323419359
Romania,2026,1.6670902732316832,1.764320087566927
Romania,2027,1.6724735459124336,1.7965360010414797
Russia,2021,2.3420865580287007,3.286579891
Russia,2022,2.7331846356663805,5.087925389092508
Russia,2023,3.1471332006466084,6.930909417269797
Russia,2024,3.8351693556136923,8.533971726005172
Russia,2025,4.481388283093586,9.786938060981953
Russia,2026,4.995097930381721,10.749802623735508
Russia,2027,5.3853767959045395,11.58227690583342
Saudi Arabia,2021,0.9740970086468215,0.9218528174755042
Saudi Arabia,2022,0.9508514578727358,0.8992428490354898
Saudi Arabia,2023,0.9723918814071757,0.9321356082332001
Saudi Arabia,2024,1.049161106138932,0.9814619692976143
Saudi Arabia,2025,1.1023232354515387,1.0690680804211632
Saudi Arabia,2026,1.1773267145956774,1.133342857792232
Saudi Arabia,2027,1.1809080508052798,1.122776839046673
Singapore,2021,0.8103149668433681,0.3524827445189028
Singapore,2022,0.9880960547913991,0.3834829408394781
Singapore,2023,1.2345505741035092,0.47804839189596926
Singapore,2024,1.4996198289351825,0.5988176860531836
Singapore,2025,1.7098534144636064,0.6696875654956501
Singapore,2026,1.8887423917718507,0.7302824098504095
Singapore,2027,2.0900697634841925,0.8402410990365909
Slovakia,2021,0.6657936969105495,0.6636200110707239
Slovakia,2022,0.6603436098255303,0.6535490281755131
Slovakia,2023,0.6619674616252544,0.6596907764450188
Slovakia,2024,0.6430924783796869,0.6390457942299786
Slovakia,2025,0.653936517,0.6531475651787151
Slovakia,2026,0.6588823548044197,0.6567437133642215
Slovakia,2027,0.672945381,0.669627302
Slovenia,2021,0.42855396769000437,0.31760708011072986
Slovenia,2022,0.490831578,0.3175770160741329
Slovenia,2023,0.5027774697894364,0.3180270511801927
Slovenia,2024,0.5284803030876732,0.3339192512969768
Slovenia,2025,0.5255873037903537,0.31476143608752877
Slovenia,2026,0.5105629033824143,0.3367398148385626
Slovenia,2027,0.5336507935663019,0.3195120075773718
South Africa,2021,3.5447794672278246,5.443503230581203
South Africa,2022,3.8919121149839553,5.568099114
South Africa,2023,4.124860658043296,5.731992017849657
South Africa,2024,4.053660115,5.788385406269764
South Africa,2025,4.317797027977982,5.849117851229661
South Africa,2026,4.2778689911203225,5.883130584334463
South Africa,2027,4.249254542189677,5.913305711919039
South Korea,2021,25.25917458932643,21.180392415883688
South Korea,2022,33.78179228601843,25.18697605881476
South Korea,2023,43.253157936901964,30.664742278550936
South Korea,2024,53.671059922260866,35.86600710408884
South Korea,2025,64.39148061546013,42.276063042736574
South Korea,2026,75.63070661,47.84507786731668
South Korea,2027,87.01310647582957,54.29094776744246
Spain,2021,22.698336356811797,22.55194424969642
Spain,2022,25.77365581870116,25.63090110302136
Spain,2023,29.220329060213608,29.572343593023938
Spain,2024,30.55748704204423,30.814146171879948
Spain,2025,31.057479203346354,31.431755703681763
Spain,2026,30.68233601143827,30.34147270528795
Spain,2027,31.385654075886404,30.741679577523204
Sri Lanka,2021,0.11068389637767748,0.41108180317071485
Sri Lanka,2022,0.10999754255707463,0.40424394435145045
Sri Lanka,2023,0.11022605589864294,0.3970896121258784
Sri Lanka,2024,0.11320833354171327,0.392535796
Sri Lanka,2025,0.11224181468662109,0.3895172070255214
Sri Lanka,2026,0.11135072883668883,0.38815572820624406
Sri Lanka,2027,0.11199223211411666,0.3887145451324608
Sweden,2021,1.4650978166226016,1.5247145329845602
Sweden,2022,1.9083338793362021,2.063228207
Sweden,2023,2.3511654064207486,2.6246397850894594
Sweden,2024,2.7570214580076615,3.211097434641397
Sweden,2025,3.134730034551309,3.7971865266939546
Sweden,2026,3.4531804986641657,4.356419970184147
Sweden,2027,3.7212739913932777,4.882733945093264
Switzerland,2021,2.754623892405164,2.98095731
Switzerland,2022,2.968322674059323,3.2687952630262487
Switzerland,2023,3.2544759724635957,3.721416181347532
Switzerland,2024,3.426959417398789,4.069920538
Switzerland,2025,3.6021270471707236,4.342159084139966
Switzerland,2026,3.8207270849803123,4.759501892263721
Switzerland,2027,3.932202921698132,5.071525692060385
Taiwan,2021,8.860437619356784,8.751332188
Taiwan,2022,12.103661141289743,11.804563829605918
Taiwan,2023,16.25996700078778,15.598587137412618
Taiwan,2024,21.04414958212713,19.685256760529686
Taiwan,2025,26.27926640914502,23.991598695637542
Taiwan,2026,32.282022003670434,28.70676624519574
Taiwan,2027,38.66659912793973,33.29823305654903
Thailand,2021,4.883985028736719,3.7626986799939095
Thailand,2022,3.7142014625187754,2.883013721208249
Thailand,2023,3.4741888484326218,2.075953776891329
Thailand,2024,2.691946823093546,1.2874958822699225
Thailand,2025,2.474334757067478,0.6753575057548253
Thailand,2026,1.726165916338168,0.20749543207834797
Thailand,2027,2.088323219,0.17870062677747162
Trinidad and Tobago,2021,0,0.004701921
Trinidad and Tobago,2022,0,0.004528326
Trinidad and Tobago,2023,0,0.004197304
Trinidad and Tobago,2024,0,0.003921623
Trinidad and Tobago,2025,0,0.003884722
Trinidad and Tobago,2026,0,0.003899272
Trinidad and Tobago,2027,0,0.003898928
Turkey,2021,9.655626092,9.514223848405956
Turkey,2022,9.190871177969195,8.883741995994196
Turkey,2023,8.266366154902249,7.986713885687293
Turkey,2024,8.267340595,7.935467282706713
Turkey,2025,8.260387471919964,8.001044718368389
Turkey,2026,8.358122635837532,8.094598657
Turkey,2027,8.346164098,8.100810845335317
Turkmenistan,2021,0,0.006960001
Turkmenistan,2022,0,0.006960001
Turkmenistan,2023,0,0.006960001
Turkmenistan,2024,0,0.006960001
Turkmenistan,2025,0,0.006960001
Turkmenistan,2026,0,0.006960001
Turkmenistan,2027,0,0.006960001
Ukraine,2021,10.211430032411515,10.857196058783506
Ukraine,2022,15.08923454148048,16.438034150680316
Ukraine,2023,20.898226805962437,23.07596822050759
Ukraine,2024,26.863093466620963,30.096666964526598
Ukraine,2025,32.789945222052175,37.175488591134595
Ukraine,2026,38.09686336743788,43.73383967545404
Ukraine,2027,42.91916946192488,49.738988743878025
United Arab Emirates,2021,6.056524569538084,9.929954372275132
United Arab Emirates,2022,4.868699320058392,10.651103497462621
United Arab Emirates,2023,6.847458808,14.392840704632617
United Arab Emirates,2024,5.711487505109087,13.873558361239068
United Arab Emirates,2025,7.9585930250387396,16.615120383047287
United Arab Emirates,2026,7.210162279726019,16.08773720136883
United Arab Emirates,2027,8.595183559,18.467543155996708
United Kingdom,2021,14.570691264857674,13.307990016294557
United Kingdom,2022,16.20157114836689,14.35243788432275
United Kingdom,2023,16.719656710897112,14.470342037454973
United Kingdom,2024,17.33892673908616,14.766787416219849
United Kingdom,2025,17.42664409,14.931828560429343
United Kingdom,2026,17.126937951386637,14.607751565247767
United Kingdom,2027,17.00776739338355,14.151134637520228
United States,2021,145.01807500830583,156.28702830246485
United States,2022,157.97481554579022,170.76309277692621
United States,2023,176.63696491614428,193.4447903568709
United States,2024,189.53189451595824,218.3569949137569
United States,2025,198.0380178742028,233.32859504044507
United States,2026,212.66079236839536,250.63844209300245
United States,2027,221.91356019898006,273.8602997
Uzbekistan,2021,0.01,0.015500004
Uzbekistan,2022,0.01,0.015500004840529354
Uzbekistan,2023,0.01,0.015500004840534062
Uzbekistan,2024,0.01,0.015500004840535554
Uzbekistan,2025,0.01,0.015500004840536197
Uzbekistan,2026,0.01,0.015500004840536465
Uzbekistan,2027,0.01,0.015500004840536465
Venezuela,2021,0.01,0.012571499210294698
Venezuela,2022,0.01,0.012571502755301412
Venezuela,2023,0.01,0.012571507058419563
Venezuela,2024,0.01,0.012571510013536662
Venezuela,2025,0.01,0.012571510336702263
Venezuela,2026,0.01,0.012571512
Venezuela,2027,0.01,0.012571512411305568
Vietnam,2021,0,0
Vietnam,2022,0,0
Vietnam,2023,0,0
Vietnam,2024,0,0
Vietnam,2025,0,0
Vietnam,2026,0,0
Vietnam,2027,0,0
Western Africa,2021,0.6589939836385323,0.6586348108498525
Western Africa,2022,0.6229603932236363,0.6202892619944699
Western Africa,2023,0.6827653400344704,0.6781189901389195
Western Africa,2024,0.7225181545453562,0.71352128
Western Africa,2025,0.7870968545291713,0.7792169048777868
Western Africa,2026,0.8396476938022608,0.8292900069363958
Western Africa,2027,0.7823418743639566,0.7733694813009047
World,2021,980.1289896705707,1000.5024133533266
World,2022,1126.8485316748402,1146.4552072400004
World,2023,1276.5732825547325,1313.0115494318886
World,2024,1425.2378370179583,1477.1244156313462
World,2025,1572.0189542435576,1637.6354305784898
World,2026,1716.6226452163412,1809.1556225275829
World,2027,1856.1680835864365,1972.5633691148062
