country,Year,Solar_consumption,Solar_generation (TWh),Solar_diffrence
Africa,2000,0.011941,0,-0.011941
Africa,2001,0.01496,0,-0.01496
Africa,2002,0.01787101,0.02,0.00212899
Africa,2003,0.02132901,0.02,-0.00132901
Africa,2004,0.02576101,0.02,-0.00576101
Africa,2005,0.03067601,0.02,-0.01067601
Africa,2006,0.03895701,0.03,-0.00895701
Africa,2007,0.051533293,0.04,-0.011533293
Africa,2008,0.073232202,0.05,-0.023232202
Africa,2009,0.096152927,0.07,-0.026152927
Africa,2010,0.21252075,0.41,0.19747924999999997
Africa,2011,0.601454301,0.5,-0.101454301
Africa,2012,0.994443126,0.65,-0.344443126
Africa,2013,0.78891014,0.74,-0.04891014
Africa,2014,1.93770017,1.86,-0.07770017
Africa,2015,3.592173384,2.91,-0.682173384
Africa,2016,5.12019689,4.21,-0.91019689
Africa,2017,6.902446607,5.6,-1.302446607
Africa,2018,8.295433824,7.15,-1.145433824
Africa,2019,10.90690156,7.86,-3.04690156
Africa,2020,12.40778213,8.33,-4.07778213
Algeria,1990,0,0,0
Algeria,1991,0,0,0
Algeria,1992,0,0,0
Algeria,1993,0,0,0
Algeria,1994,0,0,0
Algeria,1995,0,0,0
Algeria,1996,0,0,0
Algeria,1997,0,0,0
Algeria,1998,0,0,0
Algeria,1999,0,0,0
Algeria,2000,0,0,0
Algeria,2001,0,0,0
Algeria,2002,0,0,0
Algeria,2003,0,0,0
Algeria,2004,0,0,0
Algeria,2005,0,0,0
Algeria,2006,0,0,0
Algeria,2007,0,0,0
Algeria,2008,0,0,0
Algeria,2009,0,0,0
Algeria,2010,0.0091,0,-0.0091
Algeria,2011,0.01811875,0,-0.01811875
Algeria,2012,0.026723014,0,-0.026723014
Algeria,2013,0.0286,0,-0.0286
Algeria,2014,0.06,0,-0.06
Algeria,2015,0.058,0.06,0.002
Algeria,2016,0.245,0.09,-0.155
Algeria,2017,0.504,0.57,0.066
Algeria,2018,0.603,0.65,0.047
Algeria,2019,0.615,0.68,0.065
Algeria,2020,0.6,0.68,0.08
Argentina,1990,0,0,0
Argentina,1991,0,0,0
Argentina,1992,0,0,0
Argentina,1993,0,0,0
Argentina,1994,0,0,0
Argentina,1995,0,0,0
Argentina,1996,0,0,0
Argentina,1997,0,0,0
Argentina,1998,1.7e-05,0,-1.70E-05
Argentina,1999,2.6e-05,0,-2.60E-05
Argentina,2000,3.6e-05,0,-3.60E-05
Argentina,2001,4.3e-05,0,-4.30E-05
Argentina,2002,4.7e-05,0,-4.70E-05
Argentina,2003,6.5e-05,0,-6.50E-05
Argentina,2004,7e-05,0,-7.00E-05
Argentina,2005,8.1e-05,0,-8.10E-05
Argentina,2006,9e-05,0,-9.00E-05
Argentina,2007,0.0001089,0,-0.0001089
Argentina,2008,0.0001437,0,-0.0001437
Argentina,2009,7.61e-05,0,-7.61E-05
Argentina,2010,8.59e-05,0,-8.59E-05
Argentina,2011,0.001614,0,-0.001614
Argentina,2012,0.008172967,0.01,0.001827033
Argentina,2013,0.015074079,0.01,-0.005074079
Argentina,2014,0.015944,0.02,0.004056
Argentina,2015,0.014683,0.01,-0.004683
Argentina,2016,0.014273,0.01,-0.004273
Argentina,2017,0.016417,0.02,0.003583
Argentina,2018,0.10813,0.11,0.00187
Argentina,2019,0.799697913,0.8,0.000302087
Argentina,2020,1.344340935,1.35,0.005659065
Asia Pacific,1990,0.004,0.004,0
Asia Pacific,1991,0.00945,0.009,-0.00045
Asia Pacific,1992,0.0276,0.028,0.0004
Asia Pacific,1993,0.0431,0.043,-0.0001
Asia Pacific,1994,0.0534,0.053,-0.0004
Asia Pacific,1995,0.070660101,0.071,0.000339899
Asia Pacific,1996,0.098160606,0.098,-0.000160606
Asia Pacific,1997,0.147015452,0.147,-1.55E-05
Asia Pacific,1998,0.202918856,0.203,8.114400000000521e-05
Asia Pacific,1999,0.286266606,0.286,-0.000266606
Asia Pacific,2000,0.428484426,0.428,-0.000484426
Asia Pacific,2001,0.608506426,0.609,0.000493574
Asia Pacific,2002,0.829111425,0.829,-0.000111425
Asia Pacific,2003,1.116570608,1.117,0.000429392
Asia Pacific,2004,1.463785013,1.464,0.000214987
Asia Pacific,2005,1.852540528,1.853,0.000459472
Asia Pacific,2006,2.29110778,2.291,-0.00010778
Asia Pacific,2007,2.748389875,2.748,-0.000389875
Asia Pacific,2008,3.330039168,3.33,-3.92E-05
Asia Pacific,2009,4.382369759,4.382,-0.000369759
Asia Pacific,2010,6.73715687,6.737,-0.00015687
Asia Pacific,2011,12.15284375,12.153,0.00015625
Asia Pacific,2012,17.52820574,17.528,-0.00020574
Asia Pacific,2013,32.32084555,32.321,0.00015445
Asia Pacific,2014,62.82208136,62.822,-8.14E-05
Asia Pacific,2015,95.346154,95.346,-0.000154
Asia Pacific,2016,141.5306366,141.531,0.0003634
Asia Pacific,2017,219.8052652,219.805,-0.0002652
Asia Pacific,2018,309.1100675,309.11,-6.75E-05
Asia Pacific,2019,392.0389961,392.039,3.899999967416079e-06
Asia Pacific,2020,470.2983146,470.298,-0.0003146
Australia,1990,0,0,0
Australia,1991,0.00545,0.005,-0.00045
Australia,1992,0.0121,0.012,-1.00E-04
Australia,1993,0.0146,0.015,0.0004
Australia,1994,0.0174,0.017,-0.0004
Australia,1995,0.02115,0.021,-0.00015
Australia,1996,0.0256,0.026,0.0004
Australia,1997,0.03065,0.031,0.00035
Australia,1998,0.0356,0.036,0.0004
Australia,1999,0.0406,0.041,0.0004
Australia,2000,0.04675,0.04,-0.00675
Australia,2001,0.05415,0.04,-0.01415
Australia,2002,0.0583,0.05,-0.0083
Australia,2003,0.0632,0.06,-0.0032
Australia,2004,0.07295,0.07,-0.00295
Australia,2005,0.08405,0.08,-0.00405
Australia,2006,0.0975,0.09,-0.0075
Australia,2007,0.11375,0.11,-0.00375
Australia,2008,0.1392,0.13,-0.0092
Australia,2009,0.29024203,0.16,-0.13024203
Australia,2010,0.97764828,0.39,-0.58764828
Australia,2011,2.04454657,1.39,-0.65454657
Australia,2012,2.412,2.33,-0.082
Australia,2013,3.8474,3.48,-0.3674
Australia,2014,4.952,4.01,-0.942
Australia,2015,6.195524404,5.02,-1.175524404
Australia,2016,7.439775697,6.21,-1.229775697
Australia,2017,8.91755657,8.07,-0.84755657
Australia,2018,12.33254445,9.93,-2.40254445
Australia,2019,18.2969867,14.85,-3.4469867
Australia,2020,23.84266127,21.03,-2.81266127
Austria,1990,0,0,0
Austria,1991,0,0,0
Austria,1992,0,0,0
Austria,1993,0.001,0,-0.001
Austria,1994,0.001,0,-0.001
Austria,1995,0.001,0,-0.001
Austria,1996,0.001,0,-0.001
Austria,1997,0.002,0,-0.002
Austria,1998,0.002,0,-0.002
Austria,1999,0.002,0,-0.002
Austria,2000,0.003,0,-0.003
Austria,2001,0.005,0.01,0.005
Austria,2002,0.009,0.01,0.001
Austria,2003,0.015,0.01,-0.005
Austria,2004,0.018,0.02,0.002
Austria,2005,0.021018375,0.02,-0.001018375
Austria,2006,0.022386875,0.02,-0.002386875
Austria,2007,0.024238375,0.02,-0.004238375
Austria,2008,0.03011991,0.03,-0.00011991
Austria,2009,0.04891428,0.05,0.00108572
Austria,2010,0.08881314,0.09,0.00118686
Austria,2011,0.17406996,0.17,-0.00406996
Austria,2012,0.33748305,0.34,0.00251695
Austria,2013,0.625974,0.63,0.004026
Austria,2014,0.785246,0.79,0.004754
Austria,2015,0.937098,0.94,0.002902
Austria,2016,1.096016,1.1,0.003984
Austria,2017,1.268971,1.27,0.001029
Austria,2018,1.455132,1.46,0.004868
Austria,2019,1.702093,1.7,-0.002093
Austria,2020,1.590574729,2.04,0.44942527099999996
Azerbaijan,1990,0,0,0
Azerbaijan,1991,0,0,0
Azerbaijan,1992,0,0,0
Azerbaijan,1993,0,0,0
Azerbaijan,1994,0,0,0
Azerbaijan,1995,0,0,0
Azerbaijan,1996,0,0,0
Azerbaijan,1997,0,0,0
Azerbaijan,1998,0,0,0
Azerbaijan,1999,0,0,0
Azerbaijan,2000,0,0,0
Azerbaijan,2001,0,0,0
Azerbaijan,2002,0,0,0
Azerbaijan,2003,0,0,0
Azerbaijan,2004,0,0,0
Azerbaijan,2005,0,0,0
Azerbaijan,2006,0,0,0
Azerbaijan,2007,0,0,0
Azerbaijan,2008,0,0,0
Azerbaijan,2009,0,0,0
Azerbaijan,2010,0,0,0
Azerbaijan,2011,0,0,0
Azerbaijan,2012,0,0,0
Azerbaijan,2013,0.0008,0,-0.0008
Azerbaijan,2014,0.0029,0,-0.0029
Azerbaijan,2015,0.0046,0,-0.0046
Azerbaijan,2016,0.0353,0.04,0.0047
Azerbaijan,2017,0.0372,0.04,0.0028
Azerbaijan,2018,0.03926,0.04,0.00074
Azerbaijan,2019,0.0442,0.04,-0.0042
Azerbaijan,2020,0.0472,0.05,0.0028
Bangladesh,1990,0,0,0
Bangladesh,1991,0,0,0
Bangladesh,1992,0,0,0
Bangladesh,1993,0,0,0
Bangladesh,1994,0,0,0
Bangladesh,1995,0,0,0
Bangladesh,1996,0,0,0
Bangladesh,1997,0,0,0
Bangladesh,1998,0,0,0
Bangladesh,1999,0,0,0
Bangladesh,2000,0,0,0
Bangladesh,2001,0,0,0
Bangladesh,2002,0.0001,0,-0.0001
Bangladesh,2003,0.0009,0,-0.0009
Bangladesh,2004,0.0019,0,-0.0019
Bangladesh,2005,0.0034,0,-0.0034
Bangladesh,2006,0.0054,0.01,0.0046
Bangladesh,2007,0.009,0.02,0.011000000000000001
Bangladesh,2008,0.0152,0.02,0.0048
Bangladesh,2009,0.0251,0.03,0.0049
Bangladesh,2010,0.0443,0.07,0.025700000000000008
Bangladesh,2011,0.0584,0.06,0.0016
Bangladesh,2012,0.0909,0,-0.0909
Bangladesh,2013,0.129563,0.14,0.010437000000000002
Bangladesh,2014,0.166947,0.17,0.003053
Bangladesh,2015,0.198389,0.21,0.011610999999999982
Bangladesh,2016,0.219999,0.23,0.010001
Bangladesh,2017,0.253361,0.27,0.016639000000000015
Bangladesh,2018,0.275068,0.29,0.014932
Bangladesh,2019,0.349231785,0.37,0.020768215
Bangladesh,2020,0.412784892,0.42,0.007215108
Belarus,1990,0,0,0
Belarus,1991,0,0,0
Belarus,1992,0,0,0
Belarus,1993,0,0,0
Belarus,1994,0,0,0
Belarus,1995,0,0,0
Belarus,1996,0,0,0
Belarus,1997,0,0,0
Belarus,1998,0,0,0
Belarus,1999,0,0,0
Belarus,2000,0,0,0
Belarus,2001,0,0,0
Belarus,2002,0,0,0
Belarus,2003,0,0,0
Belarus,2004,0,0,0
Belarus,2005,0,0,0
Belarus,2006,0,0,0
Belarus,2007,0,0,0
Belarus,2008,0,0,0
Belarus,2009,0,0,0
Belarus,2010,0,0,0
Belarus,2011,0,0,0
Belarus,2012,0,0,0
Belarus,2013,0.0004,0,-0.0004
Belarus,2014,0.002,0,-0.002
Belarus,2015,0.009,0.01,0.001
Belarus,2016,0.026,0.03,0.004
Belarus,2017,0.089,0.09,0.001
Belarus,2018,0.118,0.18,0.062
Belarus,2019,0.179,0.18,0.001
Belarus,2020,0.181743295,0.17,-0.011743295
Belgium,1990,0,0,0
Belgium,1991,0,0,0
Belgium,1992,0,0,0
Belgium,1993,0,0,0
Belgium,1994,0,0,0
Belgium,1995,0,0,0
Belgium,1996,0,0,0
Belgium,1997,0,0,0
Belgium,1998,0,0,0
Belgium,1999,0,0,0
Belgium,2000,0,0,0
Belgium,2001,0,0,0
Belgium,2002,0,0,0
Belgium,2003,0,0,0
Belgium,2004,0.001,0,-0.001
Belgium,2005,0.001,0,-0.001
Belgium,2006,0.002,0,-0.002
Belgium,2007,0.006,0.01,0.004
Belgium,2008,0.042,0.04,-0.002
Belgium,2009,0.166,0.17,0.004
Belgium,2010,0.56,0.56,0
Belgium,2011,1.169,1.17,0.001
Belgium,2012,2.148,2.15,0.002
Belgium,2013,2.644,2.64,-0.004
Belgium,2014,2.8862,2.89,0.0038
Belgium,2015,3.0563,3.06,0.0037
Belgium,2016,3.0952,3.1,0.0048
Belgium,2017,3.3076,3.31,0.0024
Belgium,2018,3.9029,3.9,-0.0029
Belgium,2019,4.247,4.25,0.003
Belgium,2020,5.137378997,5.11,-0.027378997
Brazil,1990,0,0,0
Brazil,1991,0,0,0
Brazil,1992,0,0,0
Brazil,1993,0,0,0
Brazil,1994,0,0,0
Brazil,1995,0,0,0
Brazil,1996,0,0,0
Brazil,1997,0,0,0
Brazil,1998,0,0,0
Brazil,1999,0,0,0
Brazil,2000,0,0,0
Brazil,2001,0,0,0
Brazil,2002,0,0,0
Brazil,2003,0,0,0
Brazil,2004,0,0,0
Brazil,2005,0,0,0
Brazil,2006,0,0,0
Brazil,2007,0,0,0
Brazil,2008,0,0,0
Brazil,2009,0,0,0
Brazil,2010,0,0,0
Brazil,2011,0,0,0
Brazil,2012,0.00098,0.01,0.00902
Brazil,2013,0.004793593,0,-0.004793593
Brazil,2014,0.016081802,0.02,0.003918198
Brazil,2015,0.058917412,0.06,0.001082588
Brazil,2016,0.085260592,0.09,0.004739408
Brazil,2017,0.831813401,0.83,-0.001813401
Brazil,2018,3.461434834,3.46,-0.001434834
Brazil,2019,6.654579083,6.66,0.005420917
Brazil,2020,7.958688663,10.75,2.791311337
Bulgaria,1990,0,0,0
Bulgaria,1991,0,0,0
Bulgaria,1992,0,0,0
Bulgaria,1993,0,0,0
Bulgaria,1994,0,0,0
Bulgaria,1995,0,0,0
Bulgaria,1996,0,0,0
Bulgaria,1997,0,0,0
Bulgaria,1998,0,0,0
Bulgaria,1999,0,0,0
Bulgaria,2000,0,0,0
Bulgaria,2001,0,0,0
Bulgaria,2002,0,0,0
Bulgaria,2003,0,0,0
Bulgaria,2004,0,0,0
Bulgaria,2005,0,0,0
Bulgaria,2006,0,0,0
Bulgaria,2007,0,0,0
Bulgaria,2008,0,0,0
Bulgaria,2009,0.003,0,-0.003
Bulgaria,2010,0.015,0.01,-0.005
Bulgaria,2011,0.101,0.1,-0.001
Bulgaria,2012,0.814,0.81,-0.004
Bulgaria,2013,1.361,1.36,-0.001
Bulgaria,2014,1.252,1.25,-0.002
Bulgaria,2015,1.383,1.38,-0.003
Bulgaria,2016,1.386,1.39,0.004
Bulgaria,2017,1.402965,1.4,-0.002965
Bulgaria,2018,1.342775,1.34,-0.002775
Bulgaria,2019,1.4425,1.44,-0.0025
Bulgaria,2020,1.497319069,1.48,-0.017319069
CIS,1990,0,0,0
CIS,1991,0,0,0
CIS,1992,0,0,0
CIS,1993,0,0,0
CIS,1994,0,0,0
CIS,1995,0,0,0
CIS,1996,0,0,0
CIS,1997,0,0,0
CIS,1998,0,0,0
CIS,1999,0,0,0
CIS,2000,0,0,0
CIS,2001,0,0,0
CIS,2002,0,0,0
CIS,2003,0,0,0
CIS,2004,0,0,0
CIS,2005,0,0,0
CIS,2006,0,0,0
CIS,2007,0,0,0
CIS,2008,0,0,0
CIS,2009,7.38e-06,0,-7.38E-06
CIS,2010,0.000240125,0,-0.000240125
CIS,2011,0.00182275,0.002,0.00017725
CIS,2012,0.006337759,0.006,-0.000337759
CIS,2013,0.0188439,0.019,0.0001561
CIS,2014,0.17737725,0.177,-0.00037725
CIS,2015,0.41103975,0.411,-3.98E-05
CIS,2016,0.636049874,0.636,-4.99E-05
CIS,2017,0.78064925,0.781,0.00035075
CIS,2018,0.95261435,0.953,0.00038565
CIS,2019,1.69337465,1.693,-0.00037465
CIS,2020,4.754337228,4.754,-0.000337228
Canada,1990,0,0,0
Canada,1991,0,0,0
Canada,1992,0.002052632,0.002,-5.26E-05
Canada,1993,0.002052632,0.002,-5.26E-05
Canada,1994,0.002052632,0.002,-5.26E-05
Canada,1995,0.003842105,0.004,0.000157895
Canada,1996,0.005894737,0.006,0.000105263
Canada,1997,0.006947368,0.007,5.263200000000037e-05
Canada,1998,0.010105263,0.01,-0.000105263
Canada,1999,0.013263158,0.013,-0.000263158
Canada,2000,0.016421053,0.02,0.003578947
Canada,2001,0.019578947,0.02,0.000421053
Canada,2002,0.022736842,0.02,-0.002736842
Canada,2003,0.022789474,0.02,-0.002789474
Canada,2004,0.014263158,0.01,-0.004263158
Canada,2005,0.018473684,0.02,0.001526316
Canada,2006,0.022684211,0.02,-0.002684211
Canada,2007,0.028947368,0.03,0.001052632
Canada,2008,0.035,0.04,0.005
Canada,2009,0.109,0.1,-0.009
Canada,2010,0.255,0.25,-0.005
Canada,2011,0.572,0.57,-0.002
Canada,2012,0.881,0.87,-0.011
Canada,2013,1.499,1.48,-0.019
Canada,2014,2.12,2.1,-0.02
Canada,2015,2.895,2.87,-0.025
Canada,2016,4.032322222,3.99,-0.042322222
Canada,2017,3.573738384,3.54,-0.033738384
Canada,2018,3.796969697,3.76,-0.036969697
Canada,2019,4.216972727,4.08,-0.136972727
Canada,2020,4.424325253,4.28,-0.144325253
Chile,1990,0,0,0
Chile,1991,0,0,0
Chile,1992,0,0,0
Chile,1993,0,0,0
Chile,1994,0,0,0
Chile,1995,0,0,0
Chile,1996,0,0,0
Chile,1997,0,0,0
Chile,1998,0,0,0
Chile,1999,0,0,0
Chile,2000,0,0,0
Chile,2001,0,0,0
Chile,2002,0,0,0
Chile,2003,0,0,0
Chile,2004,0,0,0
Chile,2005,0,0,0
Chile,2006,0,0,0
Chile,2007,0,0,0
Chile,2008,0,0,0
Chile,2009,0,0,0
Chile,2010,0,0,0
Chile,2011,0,0,0
Chile,2012,0.00034039,0,-0.00034039
Chile,2013,0.00675656,0.01,0.00324344
Chile,2014,0.458712984,0.48,0.021287015999999992
Chile,2015,1.360100279,1.24,-0.120100279
Chile,2016,2.5502637,2.59,0.0397363
Chile,2017,3.895948315,3.84,-0.055948315
Chile,2018,5.118720829,5.12,0.001279171
Chile,2019,6.300226399,6.14,-0.160226399
Chile,2020,7.614843515,7.62,0.005156485
China,1990,0.002,0.002,0
China,1991,0.002,0.002,0
China,1992,0.003,0.003,0
China,1993,0.004,0.004,0
China,1994,0.005,0.005,0
China,1995,0.007,0.007,0
China,1996,0.009,0.009,0
China,1997,0.011,0.011,0
China,1998,0.014,0.014,0
China,1999,0.017,0.017,0
China,2000,0.022,0.02,-0.002
China,2001,0.031,0.03,-0.001
China,2002,0.048,0.05,0.002
China,2003,0.064,0.06,-0.004
China,2004,0.076,0.08,0.004
China,2005,0.084,0.08,-0.004
China,2006,0.095,0.09,-0.005
China,2007,0.114,0.11,-0.004
China,2008,0.152,0.15,-0.002
China,2009,0.279,0.28,0.001
China,2010,0.701,0.7,-0.001
China,2011,2.61,2.61,0
China,2012,3.5945099,3.59,-0.0045099
China,2013,8.3738865,8.37,-0.0038865
China,2014,23.51216,23.51,-0.00216
China,2015,39.48057,39.48,-0.00057
China,2016,66.52795,66.53,0.00205
China,2017,117.8,117.8,0
China,2018,176.9,176.9,0
China,2019,224,224,0
China,2020,261.1,261.1,0
Colombia,1990,0,0,0
Colombia,1991,0,0,0
Colombia,1992,0,0,0
Colombia,1993,0,0,0
Colombia,1994,0,0,0
Colombia,1995,0,0,0
Colombia,1996,0,0,0
Colombia,1997,0,0,0
Colombia,1998,0,0,0
Colombia,1999,0,0,0
Colombia,2000,0.001835014,0.01,0.008164986
Colombia,2001,0.00266875,0.01,0.00733125
Colombia,2002,0.00465125,0.01,0.00534875
Colombia,2003,0.006405,0.01,0.003595
Colombia,2004,0.007951726,0.01,0.002048274
Colombia,2005,0.00953125,0.01,0.00046875
Colombia,2006,0,0.01,0.01
Colombia,2007,0,0.01,0.01
Colombia,2008,0,0.01,0.01
Colombia,2009,0,0.01,0.01
Colombia,2010,0,0.01,0.01
Colombia,2011,0,0.01,0.01
Colombia,2012,0,0.01,0.01
Colombia,2013,0,0.01,0.01
Colombia,2014,0,0.01,0.01
Colombia,2015,0,0.01,0.01
Colombia,2016,0,0.01,0.01
Colombia,2017,0,0.01,0.01
Colombia,2018,0.011999821,0.02,0.008000179
Colombia,2019,0.131226024,0.14,0.008773976
Colombia,2020,0.179402549,0.19,0.010597451000000008
Croatia,1990,0,0,0
Croatia,1991,0,0,0
Croatia,1992,0,0,0
Croatia,1993,0,0,0
Croatia,1994,0,0,0
Croatia,1995,0,0,0
Croatia,1996,0,0,0
Croatia,1997,0,0,0
Croatia,1998,0,0,0
Croatia,1999,0,0,0
Croatia,2000,0,0,0
Croatia,2001,0,0,0
Croatia,2002,0,0,0
Croatia,2003,0,0,0
Croatia,2004,0,0,0
Croatia,2005,0,0,0
Croatia,2006,0,0,0
Croatia,2007,0,0,0
Croatia,2008,0,0,0
Croatia,2009,1.65e-05,0,-1.65E-05
Croatia,2010,1.65e-05,0,-1.65E-05
Croatia,2011,1.65e-05,0,-1.65E-05
Croatia,2012,0.002,0,-0.002
Croatia,2013,0.011293959,0.01,-0.001293959
Croatia,2014,0.035,0.04,0.005
Croatia,2015,0.057,0.06,0.003
Croatia,2016,0.066,0.07,0.004
Croatia,2017,0.0787,0.08,0.0013
Croatia,2018,0.0749,0.07,-0.0049
Croatia,2019,0.0831,0.08,-0.0031
Croatia,2020,0.084059115,0.1,0.015940885000000002
Cyprus,1990,0,0,0
Cyprus,1991,0,0,0
Cyprus,1992,0,0,0
Cyprus,1993,0,0,0
Cyprus,1994,0,0,0
Cyprus,1995,0,0,0
Cyprus,1996,0,0,0
Cyprus,1997,0,0,0
Cyprus,1998,0,0,0
Cyprus,1999,0,0,0
Cyprus,2000,0,0,0
Cyprus,2001,0,0,0
Cyprus,2002,0,0,0
Cyprus,2003,0,0,0
Cyprus,2004,0.0004,0,-0.0004
Cyprus,2005,0.000566,0,-0.000566
Cyprus,2006,0.001002,0,-0.001002
Cyprus,2007,0.001733,0,-0.001733
Cyprus,2008,0.003,0,-0.003
Cyprus,2009,0.004,0,-0.004
Cyprus,2010,0.007,0.01,0.003
Cyprus,2011,0.012,0.01,-0.002
Cyprus,2012,0.022,0.02,-0.002
Cyprus,2013,0.047,0.05,0.003
Cyprus,2014,0.0836,0.08,-0.0036
Cyprus,2015,0.126659,0.13,0.003341
Cyprus,2016,0.145937,0.15,0.004063
Cyprus,2017,0.17202,0.17,-0.00202
Cyprus,2018,0.19183,0.2,0.00817
Cyprus,2019,0.218267,0.22,0.001733
Cyprus,2020,0.324875,0.3,-0.024875
Czechia,1990,0,0,0
Czechia,1991,0,0,0
Czechia,1992,0,0,0
Czechia,1993,0,0,0
Czechia,1994,0,0,0
Czechia,1995,0,0,0
Czechia,1996,0,0,0
Czechia,1997,0,0,0
Czechia,1998,0,0,0
Czechia,1999,0,0,0
Czechia,2000,0,0,0
Czechia,2001,0,0,0
Czechia,2002,0,0,0
Czechia,2003,0,0,0
Czechia,2004,0.0001,0,-0.0001
Czechia,2005,6.8e-05,0,-6.80E-05
Czechia,2006,0.00017,0,-0.00017
Czechia,2007,0.001754,0,-0.001754
Czechia,2008,0.012937,0.01,-0.002937
Czechia,2009,0.088807,0.09,0.001193
Czechia,2010,0.615702,0.62,0.004298
Czechia,2011,2.118,2.18,0.062
Czechia,2012,2.1731,2.15,-0.0231
Czechia,2013,2.0702,2.03,-0.0402
Czechia,2014,2.1229,2.12,-0.0029
Czechia,2015,2.2638,2.26,-0.0038
Czechia,2016,2.131,2.13,-0.001
Czechia,2017,2.193368,2.19,-0.003368
Czechia,2018,2.339677,2.36,0.020323
Czechia,2019,2.2859,2.31,0.024100000000000232
Czechia,2020,2.2331,2.29,0.0569
Denmark,1990,0,0,0
Denmark,1991,0,0,0
Denmark,1992,0,0,0
Denmark,1993,0,0,0
Denmark,1994,0,0,0
Denmark,1995,0,0,0
Denmark,1996,0.000161111,0,-0.000161111
Denmark,1997,0.000319444,0,-0.000319444
Denmark,1998,0.0004,0,-0.0004
Denmark,1999,0.000880556,0,-0.000880556
Denmark,2000,0.0012,0,-0.0012
Denmark,2001,0.0012,0,-0.0012
Denmark,2002,0.001280556,0,-0.001280556
Denmark,2003,0.001519444,0,-0.001519444
Denmark,2004,0.001838889,0,-0.001838889
Denmark,2005,0.002161111,0,-0.002161111
Denmark,2006,0.002213889,0,-0.002213889
Denmark,2007,0.002494444,0,-0.002494444
Denmark,2008,0.002622222,0,-0.002622222
Denmark,2009,0.00375,0,-0.00375
Denmark,2010,0.006161111,0.01,0.003838889
Denmark,2011,0.015130556,0.01,-0.005130556
Denmark,2012,0.103861111,0.1,-0.003861111
Denmark,2013,0.517541667,0.52,0.002458333
Denmark,2014,0.595516667,0.6,0.004483333
Denmark,2015,0.604261111,0.6,-0.004261111
Denmark,2016,0.743780556,0.74,-0.003780556
Denmark,2017,0.751486111,0.75,-0.001486111
Denmark,2018,0.952973,0.95,-0.002973
Denmark,2019,0.963269444,0.96,-0.003269444
Denmark,2020,1.181313918,1.18,-0.001313918
Eastern Africa,1990,0,0,0
Eastern Africa,1991,0,0,0
Eastern Africa,1992,0,0,0
Eastern Africa,1993,0,0,0
Eastern Africa,1994,0,0,0
Eastern Africa,1995,0,0,0
Eastern Africa,1996,0,0,0
Eastern Africa,1997,0,0,0
Eastern Africa,1998,0,0,0
Eastern Africa,1999,0,0,0
Eastern Africa,2000,0,0,0
Eastern Africa,2001,0.000174,0,-0.000174
Eastern Africa,2002,0.000347,0,-0.000347
Eastern Africa,2003,0.000347,0,-0.000347
Eastern Africa,2004,0.000521,0.001,0.000479
Eastern Africa,2005,0.001199,0.001,-0.000199
Eastern Africa,2006,0.004787,0.005,0.000213
Eastern Africa,2007,0.009414283,0.009,-0.000414283
Eastern Africa,2008,0.017751192,0.018,0.000248808
Eastern Africa,2009,0.031578917,0.032,0.000421083
Eastern Africa,2010,0.094765865,0.095,0.000234135
Eastern Africa,2011,0.174578791,0.175,0.000421209
Eastern Africa,2012,0.244559864,0.245,0.000440136
Eastern Africa,2013,0.302793381,0.303,0.000206619
Eastern Africa,2014,0.380402607,0.38,-0.000402607
Eastern Africa,2015,0.435904861,0.436,9.513900000002184e-05
Eastern Africa,2016,0.499126801,0.499,-0.000126801
Eastern Africa,2017,0.572417862,0.572,-0.000417862
Eastern Africa,2018,0.680819647,0.681,0.000180353
Eastern Africa,2019,0.771818761,0.772,0.000181239
Eastern Africa,2020,0.820876082,0.821,0.000123918
Ecuador,1990,0,0,0
Ecuador,1991,0,0,0
Ecuador,1992,0,0,0
Ecuador,1993,0,0,0
Ecuador,1994,0,0,0
Ecuador,1995,0,0,0
Ecuador,1996,0,0,0
Ecuador,1997,0,0,0
Ecuador,1998,0,0,0
Ecuador,1999,0,0,0
Ecuador,2000,0,0,0
Ecuador,2001,0,0,0
Ecuador,2002,0,0,0
Ecuador,2003,0,0,0
Ecuador,2004,0,0,0
Ecuador,2005,1.24e-05,0,-1.24E-05
Ecuador,2006,1.49e-05,0,-1.49E-05
Ecuador,2007,1.82e-05,0,-1.82E-05
Ecuador,2008,2.67e-05,0,-2.67E-05
Ecuador,2009,7.88e-06,0,-7.88E-06
Ecuador,2010,0,0,0
Ecuador,2011,5.81e-05,0,-5.81E-05
Ecuador,2012,0.00032566,0,-0.00032566
Ecuador,2013,0.003663607,0,-0.003663607
Ecuador,2014,0.016482696,0.02,0.003517304
Ecuador,2015,0.036057927,0.04,0.003942073
Ecuador,2016,0.038754818,0.04,0.001245182
Ecuador,2017,0.03748,0.04,0.00252
Ecuador,2018,0.038079324,0.04,0.001920676
Ecuador,2019,0.16645228,0.04,-0.12645228
Ecuador,2020,0.166446255,0.04,-0.126446255
Egypt,1990,0,0,0
Egypt,1991,0,0,0
Egypt,1992,0,0,0
Egypt,1993,0,0,0
Egypt,1994,0,0,0
Egypt,1995,0,0,0
Egypt,1996,0,0,0
Egypt,1997,0,0,0
Egypt,1998,0,0,0
Egypt,1999,0,0,0
Egypt,2000,0.0002,0,-0.0002
Egypt,2001,0.0009,0,-0.0009
Egypt,2002,0.001,0,-0.001
Egypt,2003,0.001,0,-0.001
Egypt,2004,0.001,0,-0.001
Egypt,2005,0.001,0,-0.001
Egypt,2006,0.001,0,-0.001
Egypt,2007,0.0012,0,-0.0012
Egypt,2008,0.0015,0,-0.0015
Egypt,2009,0.0022,0,-0.0022
Egypt,2010,0.0252,0.21,0.1848
Egypt,2011,0.244569,0.22,-0.024569
Egypt,2012,0.504201,0.24,-0.264201
Egypt,2013,0.025437,0.21,0.18456299999999998
Egypt,2014,0.139549,0.24,0.10045099999999998
Egypt,2015,0.042,0.17,0.128
Egypt,2016,0.23361,0.58,0.34639
Egypt,2017,0.602545,0.54,-0.062545
Egypt,2018,0.553013,1.52,0.966987
Egypt,2019,1.916822618,1.47,-0.446822618
Egypt,2020,2.908503219,1.5,-1.408503219
Estonia,1990,0,0,0
Estonia,1991,0,0,0
Estonia,1992,0,0,0
Estonia,1993,0,0,0
Estonia,1994,0,0,0
Estonia,1995,0,0,0
Estonia,1996,0,0,0
Estonia,1997,0,0,0
Estonia,1998,0,0,0
Estonia,1999,0,0,0
Estonia,2000,0,0,0
Estonia,2001,0,0,0
Estonia,2002,0,0,0
Estonia,2003,0,0,0
Estonia,2004,0,0,0
Estonia,2005,0,0,0
Estonia,2006,0,0,0
Estonia,2007,0,0,0
Estonia,2008,0,0,0
Estonia,2009,0.0001,0,-0.0001
Estonia,2010,0.0001,0,-0.0001
Estonia,2011,0.0002,0,-0.0002
Estonia,2012,0.0003,0,-0.0003
Estonia,2013,0.0014,0,-0.0014
Estonia,2014,0.0031,0,-0.0031
Estonia,2015,0.0059,0,-0.0059
Estonia,2016,0.009677,0.01,0.000323
Estonia,2017,0.014492,0.01,-0.004492
Estonia,2018,0.030802,0.03,-0.000802
Estonia,2019,0.116448942,0.07,-0.046448942
Estonia,2020,0.125815067,0.12,-0.005815067
Europe,1990,0.0125,0.011,-0.0015
Europe,1991,0.0155,0.012,-0.0035
Europe,1992,0.027088,0.023,-0.004088
Europe,1993,0.032383,0.024,-0.008383
Europe,1994,0.0376885,0.035,-0.0026885
Europe,1995,0.04684,0.046,-0.00084
Europe,1996,0.053811411,0.047,-0.006811411
Europe,1997,0.063926244,0.057,-0.006926244
Europe,1998,0.0870885,0.088,0.0009115
Europe,1999,0.091198056,0.1,0.008801944
Europe,2000,0.13447325,0.12,-0.01447325
Europe,2001,0.1702025,0.2,0.029797500000000005
Europe,2002,0.276755006,0.28,0.003244994
Europe,2003,0.468697744,0.42,-0.048697744
Europe,2004,0.751097873,0.7,-0.051097873
Europe,2005,1.486383246,1.48,-0.006383246
Europe,2006,2.524087814,2.5,-0.024087814
Europe,2007,3.815704819,3.81,-0.005704819
Europe,2008,7.501071132,7.47,-0.031071132
Europe,2009,14.19283506,14.15,-0.04283506
Europe,2010,23.26343602,23.37,0.10656398000000067
Europe,2011,46.71354931,47.72,1.0064506900000012
Europe,2012,71.86993816,72.15,0.2800618400000019
Europe,2013,86.9351168,87.21,0.2748831999999908
Europe,2014,98.83569401,99.7,0.8643059900000054
Europe,2015,109.7895377,110.36,0.5704623000000026
Europe,2016,113.8307704,113.8,-0.0307704
Europe,2017,124.2626449,122.52,-1.7426449
Europe,2018,138.5482445,129.75,-8.7982445
Europe,2019,152.7537127,143.36,-9.3937127
Europe,2020,178.8538857,168.21,-10.6438857
Finland,1990,0.0005,0,-0.0005
Finland,1991,0.0005,0,-0.0005
Finland,1992,0.0006,0,-0.0006
Finland,1993,0.0007,0,-0.0007
Finland,1994,0.0008,0,-0.0008
Finland,1995,0.0008,0,-0.0008
Finland,1996,0.001,0,-0.001
Finland,1997,0.0012,0,-0.0012
Finland,1998,0.0013,0,-0.0013
Finland,1999,0.0014,0,-0.0014
Finland,2000,0.0016,0,-0.0016
Finland,2001,0.0017,0,-0.0017
Finland,2002,0.0019,0,-0.0019
Finland,2003,0.0021,0,-0.0021
Finland,2004,0.0024,0,-0.0024
Finland,2005,0.0026,0,-0.0026
Finland,2006,0.0034,0,-0.0034
Finland,2007,0.0038,0,-0.0038
Finland,2008,0.0039,0,-0.0039
Finland,2009,0.0043,0,-0.0043
Finland,2010,0.0047,0,-0.0047
Finland,2011,0.0053,0.01,0.0047
Finland,2012,0.0057,0.01,0.0043
Finland,2013,0.0065,0.01,0.0035
Finland,2014,0.008,0.01,0.002
Finland,2015,0.011111111,0.01,-0.001111111
Finland,2016,0.022222222,0.02,-0.002222222
Finland,2017,0.049494949,0.05,0.000505051
Finland,2018,0.090909091,0.09,-0.000909091
Finland,2019,0.148484848,0.15,0.001515152
Finland,2020,0.258585859,0.22,-0.038585859
France,1990,0,0,0
France,1991,0,0,0
France,1992,0.001488,0,-0.001488
France,1993,0.001683,0,-0.001683
France,1994,0.0018785,0,-0.0018785
France,1995,0.00204,0,-0.00204
France,1996,0.0026503,0,-0.0026503
France,1997,0.0034068,0,-0.0034068
France,1998,0.0040885,0,-0.0040885
France,1999,0.0045475,0,-0.0045475
France,2000,0.00522325,0.01,0.00477675
France,2001,0.0061605,0.01,0.0038395
France,2002,0.00710345,0.01,0.00289655
France,2003,0.0077673,0.01,0.0022327
France,2004,0.008447984,0.01,0.001552016
France,2005,0.01050076,0.01,-0.00050076
France,2006,0.01190605,0.01,-0.00190605
France,2007,0.018,0.02,0.002
France,2008,0.042,0.04,-0.002
France,2009,0.174,0.17,-0.004
France,2010,0.62,0.62,0
France,2011,2.078,2.33,0.2520000000000002
France,2012,4.016,4.43,0.4139999999999997
France,2013,4.735,5.19,0.45500000000000007
France,2014,5.913,6.39,0.4769999999999994
France,2015,7.263162598,7.75,0.4868374019999999
France,2016,8.164943217,8.66,0.4950567830000008
France,2017,9.102625159,9.59,0.4873748409999994
France,2018,10.41155151,10.89,0.4784484899999999
France,2019,11.74733649,12.23,0.4826635100000001
France,2020,13.074786,13.4,0.3252140000000008
Germany,1990,0.001,0,-0.001
Germany,1991,0.001,0,-0.001
Germany,1992,0.004,0,-0.004
Germany,1993,0.003,0,-0.003
Germany,1994,0.007,0.01,0.003
Germany,1995,0.007,0.01,0.003
Germany,1996,0.012,0.01,-0.002
Germany,1997,0.018,0.02,0.002
Germany,1998,0.035,0.04,0.005
Germany,1999,0.03,0.03,0
Germany,2000,0.06,0.06,0
Germany,2001,0.076,0.12,0.044
Germany,2002,0.162,0.19,0.027999999999999997
Germany,2003,0.313,0.31,-0.003
Germany,2004,0.557,0.56,0.003
Germany,2005,1.282,1.28,-0.002
Germany,2006,2.22,2.22,0
Germany,2007,3.075,3.08,0.005
Germany,2008,4.42,4.42,0
Germany,2009,6.583,6.58,-0.003
Germany,2010,11.729,11.73,0.001
Germany,2011,19.599,19.6,0.001
Germany,2012,26.38,26.38,0
Germany,2013,31.01,31.01,0
Germany,2014,36.056,36.06,0.004
Germany,2015,38.726,38.73,0.004
Germany,2016,38.098,38.1,0.002
Germany,2017,39.401,39.4,-0.001
Germany,2018,45.784,43.46,-2.324
Germany,2019,46.392,44.38,-2.012
Germany,2020,50.6,48.64,-1.96
Greece,1990,0,0,0
Greece,1991,0,0,0
Greece,1992,0,0,0
Greece,1993,0,0,0
Greece,1994,0,0,0
Greece,1995,0,0,0
Greece,1996,0,0,0
Greece,1997,0,0,0
Greece,1998,0,0,0
Greece,1999,0,0,0
Greece,2000,0,0,0
Greece,2001,0,0,0
Greece,2002,0,0,0
Greece,2003,0,0,0
Greece,2004,0.001,0,-0.001
Greece,2005,0.001,0,-0.001
Greece,2006,0.001,0,-0.001
Greece,2007,0.001,0,-0.001
Greece,2008,0.005,0.01,0.005
Greece,2009,0.05,0.05,0
Greece,2010,0.158,0.16,0.002
Greece,2011,0.61,0.61,0
Greece,2012,1.694,1.69,-0.004
Greece,2013,3.648,3.65,0.002
Greece,2014,3.792,3.79,-0.002
Greece,2015,3.9,3.9,0
Greece,2016,3.93,3.93,0
Greece,2017,3.991477,3.99,-0.001477
Greece,2018,3.790652,3.79,-0.000652
Greece,2019,4.42851,4.43,0.00149
Greece,2020,4.872224617,4.45,-0.422224617
Hong Kong,1990,0,0,0
Hong Kong,1991,0,0,0
Hong Kong,1992,0,0,0
Hong Kong,1993,0,0,0
Hong Kong,1994,0,0,0
Hong Kong,1995,0,0,0
Hong Kong,1996,0,0,0
Hong Kong,1997,0,0,0
Hong Kong,1998,0,0,0
Hong Kong,1999,0,0,0
Hong Kong,2000,0,0,0
Hong Kong,2001,0,0,0
Hong Kong,2002,0,0,0
Hong Kong,2003,0,0,0
Hong Kong,2004,0,0,0
Hong Kong,2005,0,0,0
Hong Kong,2006,0,0,0
Hong Kong,2007,0,0,0
Hong Kong,2008,0,0,0
Hong Kong,2009,0,0,0
Hong Kong,2010,0.00035,0,-0.00035
Hong Kong,2011,0.000691,0,-0.000691
Hong Kong,2012,0.000854,0,-0.000854
Hong Kong,2013,0.001112,0,-0.001112
Hong Kong,2014,0.001102,0,-0.001102
Hong Kong,2015,0.00103,0,-0.00103
Hong Kong,2016,0.000979,0,-0.000979
Hong Kong,2017,0.000855,0.01,0.009145
Hong Kong,2018,0.0011,0.01,0.0089
Hong Kong,2019,0.00106243,0.01,0.00893757
Hong Kong,2020,0.001125,0.01,0.008875
Hungary,1990,0,0,0
Hungary,1991,0,0,0
Hungary,1992,0,0,0
Hungary,1993,0,0,0
Hungary,1994,0,0,0
Hungary,1995,0,0,0
Hungary,1996,0,0,0
Hungary,1997,0,0,0
Hungary,1998,0,0,0
Hungary,1999,0,0,0
Hungary,2000,0,0,0
Hungary,2001,0,0,0
Hungary,2002,0,0,0
Hungary,2003,0,0,0
Hungary,2004,0,0,0
Hungary,2005,0,0,0
Hungary,2006,0,0,0
Hungary,2007,0,0,0
Hungary,2008,0.001,0,-0.001
Hungary,2009,0.001,0,-0.001
Hungary,2010,0.001,0,-0.001
Hungary,2011,0.001,0,-0.001
Hungary,2012,0.008,0.01,0.002
Hungary,2013,0.025,0.02,-0.005
Hungary,2014,0.067,0.07,0.003
Hungary,2015,0.141,0.14,-0.001
Hungary,2016,0.244,0.24,-0.004
Hungary,2017,0.349,0.35,0.001
Hungary,2018,0.629,0.63,0.001
Hungary,2019,1.497,1.5,0.003
Hungary,2020,2.371,2.46,0.089
Iceland,1990,0,0,0
Iceland,1991,0,0,0
Iceland,1992,0,0,0
Iceland,1993,0,0,0
Iceland,1994,0,0,0
Iceland,1995,0,0,0
Iceland,1996,0,0,0
Iceland,1997,0,0,0
Iceland,1998,0,0,0
Iceland,1999,0,0,0
Iceland,2000,0,0,0
Iceland,2001,0,0,0
Iceland,2002,0,0,0
Iceland,2003,0,0,0
Iceland,2004,0,0,0
Iceland,2005,0,0,0
Iceland,2006,0,0,0
Iceland,2007,0,0,0
Iceland,2008,0,0,0
Iceland,2009,0,0,0
Iceland,2010,0,0,0
Iceland,2011,0,0,0
Iceland,2012,0,0,0
Iceland,2013,0,0,0
Iceland,2014,0,0,0
Iceland,2015,0,0,0
Iceland,2016,0,0,0
Iceland,2017,0,0,0
Iceland,2018,0,0,0
Iceland,2019,0,0,0
Iceland,2020,0,0,0
India,1990,0,0,0
India,1991,0,0,0
India,1992,0,0,0
India,1993,0,0,0
India,1994,0,0,0
India,1995,0.001010101,0.001,-1.01E-05
India,1996,0.006060606,0.006,-6.06E-05
India,1997,0.006060606,0.006,-6.06E-05
India,1998,0.006060606,0.006,-6.06E-05
India,1999,0.006060606,0.006,-6.06E-05
India,2000,0.007070707,0.01,0.002929293
India,2001,0.011111111,0.01,-0.001111111
India,2002,0.013131313,0.01,-0.003131313
India,2003,0.016161616,0.02,0.003838384
India,2004,0.018181818,0.02,0.001818182
India,2005,0.018181818,0.02,0.001818182
India,2006,0.0072,0.01,0.0028
India,2007,0.059,0.06,0.001
India,2008,0.063,0.06,-0.003
India,2009,0.075,0.08,0.005
India,2010,0.113,0.11,-0.003
India,2011,0.827,0.83,0.003
India,2012,2.099,2.1,0.001
India,2013,3.433,3.43,-0.003
India,2014,4.909,4.91,0.001
India,2015,6.56638,6.57,0.00362
India,2016,11.55598,11.56,0.00402
India,2017,21.54458,21.54,-0.00458
India,2018,36.33131,36.33,-0.00131
India,2019,46.2677,46.27,0.0023
India,2020,58.68346744,58.68,-0.00346744
Indonesia,1990,0,0,0
Indonesia,1991,0,0,0
Indonesia,1992,0,0,0
Indonesia,1993,0,0,0
Indonesia,1994,0,0,0
Indonesia,1995,0,0,0
Indonesia,1996,0,0,0
Indonesia,1997,0,0,0
Indonesia,1998,0,0,0
Indonesia,1999,0,0,0
Indonesia,2000,0,0,0
Indonesia,2001,0,0,0
Indonesia,2002,0,0,0
Indonesia,2003,0,0,0
Indonesia,2004,0,0,0
Indonesia,2005,0,0,0
Indonesia,2006,0,0,0
Indonesia,2007,0,0,0
Indonesia,2008,0.0001,0,-0.0001
Indonesia,2009,0.0001,0,-0.0001
Indonesia,2010,0.00052,0,-0.00052
Indonesia,2011,0.00077,0,-0.00077
Indonesia,2012,0.00301,0,-0.00301
Indonesia,2013,0.0055,0.01,0.0045
Indonesia,2014,0.00681,0.01,0.00319
Indonesia,2015,0.00528,0.01,0.00472
Indonesia,2016,0.02109,0.02,-0.00109
Indonesia,2017,0.02905,0.03,0.00095
Indonesia,2018,0.01999,0.02,9.999999999999593e-06
Indonesia,2019,0.054,0.05,-0.004
Indonesia,2020,0.472689195,0.05,-0.422689195
Iran,1990,0,0,0
Iran,1991,0,0,0
Iran,1992,0,0,0
Iran,1993,0,0,0
Iran,1994,0,0,0
Iran,1995,0,0,0
Iran,1996,0,0,0
Iran,1997,0,0,0
Iran,1998,0,0,0
Iran,1999,0,0,0
Iran,2000,0,0,0
Iran,2001,0,0,0
Iran,2002,0,0,0
Iran,2003,0,0,0
Iran,2004,0,0,0
Iran,2005,0,0,0
Iran,2006,0.0001,0,-0.0001
Iran,2007,0.0001,0,-0.0001
Iran,2008,0.0002,0,-0.0002
Iran,2009,0.0003,0,-0.0003
Iran,2010,0.0007,0,-0.0007
Iran,2011,0.0007,0,-0.0007
Iran,2012,0.0007,0,-0.0007
Iran,2013,0.0007,0,-0.0007
Iran,2014,0.0007,0,-0.0007
Iran,2015,0.0015,0,-0.0015
Iran,2016,0.005,0,-0.005
Iran,2017,0.085805,0.09,0.004195
Iran,2018,0.221816,0.34,0.11818400000000001
Iran,2019,0.284322725,0.44,0.155677275
Iran,2020,0.320649434,0.44,0.11935056599999999
Iraq,1990,0,0,0
Iraq,1991,0,0,0
Iraq,1992,0,0,0
Iraq,1993,0,0,0
Iraq,1994,0,0,0
Iraq,1995,0,0,0
Iraq,1996,0,0,0
Iraq,1997,0,0,0
Iraq,1998,0,0,0
Iraq,1999,0,0,0
Iraq,2000,0,0,0
Iraq,2001,0,0,0
Iraq,2002,0,0,0
Iraq,2003,0,0,0
Iraq,2004,0,0,0
Iraq,2005,0,0,0
Iraq,2006,0,0,0
Iraq,2007,0,0,0
Iraq,2008,0,0,0
Iraq,2009,0,0,0
Iraq,2010,0,0,0
Iraq,2011,0,0,0
Iraq,2012,0,0,0
Iraq,2013,0.0463,0.05,0.0037
Iraq,2014,0.0573,0.06,0.0027
Iraq,2015,0.057305,0.06,0.002695
Iraq,2016,0.057305,0.06,0.002695
Iraq,2017,0.057305,0.06,0.002695
Iraq,2018,0.376545,0.06,-0.316545
Iraq,2019,0.376545,0.06,-0.316545
Iraq,2020,0.376545,0.06,-0.316545
Ireland,1990,0,0,0
Ireland,1991,0,0,0
Ireland,1992,0,0,0
Ireland,1993,0,0,0
Ireland,1994,0,0,0
Ireland,1995,0,0,0
Ireland,1996,0,0,0
Ireland,1997,0,0,0
Ireland,1998,0,0,0
Ireland,1999,0,0,0
Ireland,2000,0,0,0
Ireland,2001,0,0,0
Ireland,2002,0,0,0
Ireland,2003,0,0,0
Ireland,2004,0,0,0
Ireland,2005,0,0,0
Ireland,2006,0,0,0
Ireland,2007,0,0,0
Ireland,2008,0,0,0
Ireland,2009,0.000424236,0,-0.000424236
Ireland,2010,0.000476107,0,-0.000476107
Ireland,2011,0.000542081,0,-0.000542081
Ireland,2012,0.000645929,0,-0.000645929
Ireland,2013,0.000699463,0,-0.000699463
Ireland,2014,0.000946215,0,-0.000946215
Ireland,2015,0.001616621,0,-0.001616621
Ireland,2016,0.005342642,0.01,0.004657358
Ireland,2017,0.010801,0.01,-0.000801
Ireland,2018,0.016656,0.02,0.003344
Ireland,2019,0.02135,0.04,0.01865
Ireland,2020,0.02135,0.06,0.03865
Israel,1990,0,0,0
Israel,1991,0,0,0
Israel,1992,0,0,0
Israel,1993,0,0,0
Israel,1994,0,0,0
Israel,1995,0,0,0
Israel,1996,0,0,0
Israel,1997,0,0,0
Israel,1998,0,0,0
Israel,1999,0,0,0
Israel,2000,0,0,0
Israel,2001,0,0,0
Israel,2002,0,0,0
Israel,2003,0,0,0
Israel,2004,0,0,0
Israel,2005,0,0,0
Israel,2006,0,0,0
Israel,2007,0,0,0
Israel,2008,0,0,0
Israel,2009,0.024,0.02,-0.004
Israel,2010,0.07,0.07,0
Israel,2011,0.192,0.19,-0.002
Israel,2012,0.369,0.37,0.001
Israel,2013,0.4941,0.49,-0.0041
Israel,2014,0.8404,0.84,-0.0004
Israel,2015,1.2162,1.12,-0.0962
Israel,2016,1.6355,1.54,-0.0955
Israel,2017,1.643,1.51,-0.133
Israel,2018,1.828,1.57,-0.258
Israel,2019,3.1145,3.29,0.1755
Israel,2020,5.48911878,4.07,-1.41911878
Italy,1990,0.004,0,-0.004
Italy,1991,0.005,0,-0.005
Italy,1992,0.009,0.01,0.001
Italy,1993,0.011,0.01,-0.001
Italy,1994,0.011,0.01,-0.001
Italy,1995,0.013,0.01,-0.003
Italy,1996,0.014,0.01,-0.004
Italy,1997,0.015,0.01,-0.005
Italy,1998,0.016,0.02,0.004
Italy,1999,0.017,0.02,0.003
Italy,2000,0.018,0.02,0.002
Italy,2001,0.019,0.02,0.001
Italy,2002,0.021,0.02,-0.001
Italy,2003,0.024,0.02,-0.004
Italy,2004,0.029,0.03,0.001
Italy,2005,0.031,0.03,-0.001
Italy,2006,0.035,0.04,0.005
Italy,2007,0.039,0.04,0.001
Italy,2008,0.193,0.19,-0.003
Italy,2009,0.677,0.68,0.003
Italy,2010,1.9057,1.91,0.0043
Italy,2011,10.7957,10.8,0.0043
Italy,2012,18.8617,18.86,-0.0017
Italy,2013,21.5886,21.59,0.0014
Italy,2014,22.3064,22.31,0.0036
Italy,2015,22.9422,22.94,-0.0022
Italy,2016,22.1043,22.1,-0.0043
Italy,2017,24.3777,24.38,0.0023
Italy,2018,22.6538,22.65,-0.0038
Italy,2019,23.6889,23.69,0.0011
Italy,2020,25.95316064,24.94,-1.01316064
Japan,1990,0.001,0.001,0
Japan,1991,0.001,0.001,0
Japan,1992,0.0105,0.01,-0.0005
Japan,1993,0.0225,0.022,-0.0005
Japan,1994,0.029,0.029,0
Japan,1995,0.0395,0.04,0.0005
Japan,1996,0.0545,0.054,-0.0005
Japan,1997,0.096302846,0.096,-0.000302846
Japan,1998,0.14324625,0.143,-0.00024625
Japan,1999,0.218025,0.218,-2.50E-05
Japan,2000,0.344061719,0.35,0.005938281
Japan,2001,0.499739219,0.47,-0.029739219
Japan,2002,0.69462,0.67,-0.02462
Japan,2003,0.953955,0.9,-0.053955
Japan,2004,1.271622123,1.19,-0.081622123
Japan,2005,1.630088373,1.49,-0.140088373
Japan,2006,1.99563,1.79,-0.20563
Japan,2007,2.3124675,2.02,-0.2924675
Japan,2008,2.593971257,2.25,-0.343971257
Japan,2009,3.045512507,2.76,-0.285512507
Japan,2010,3.98137875,3.54,-0.44137875
Japan,2011,5.43915,4.84,-0.59915
Japan,2012,7.371902764,6.61,-0.761902764
Japan,2013,12.90878151,12.88,-0.02878151
Japan,2014,23.54816625,22.95,-0.59816625
Japan,2015,34.54017195,34.8,0.25982804999999587
Japan,2016,43.32569293,45.76,2.4343070699999956
Japan,2017,54.24169091,55.07,0.8283090899999976
Japan,2018,62.11436263,62.67,0.5556373699999995
Japan,2019,72.2570303,68.95,-3.3070303
Japan,2020,82.92248283,78.64,-4.28248283
Kazakhstan,1990,0,0,0
Kazakhstan,1991,0,0,0
Kazakhstan,1992,0,0,0
Kazakhstan,1993,0,0,0
Kazakhstan,1994,0,0,0
Kazakhstan,1995,0,0,0
Kazakhstan,1996,0,0,0
Kazakhstan,1997,0,0,0
Kazakhstan,1998,0,0,0
Kazakhstan,1999,0,0,0
Kazakhstan,2000,0,0,0
Kazakhstan,2001,0,0,0
Kazakhstan,2002,0,0,0
Kazakhstan,2003,0,0,0
Kazakhstan,2004,0,0,0
Kazakhstan,2005,0,0,0
Kazakhstan,2006,0,0,0
Kazakhstan,2007,0,0,0
Kazakhstan,2008,0,0,0
Kazakhstan,2009,0,0,0
Kazakhstan,2010,0,0,0
Kazakhstan,2011,0,0,0
Kazakhstan,2012,2.1e-05,0,-2.10E-05
Kazakhstan,2013,0.0007874,0,-0.0007874
Kazakhstan,2014,0.001239,0,-0.001239
Kazakhstan,2015,0.046171,0.05,0.003829
Kazakhstan,2016,0.0884031,0.09,0.0015969
Kazakhstan,2017,0.0926455,0.09,-0.0026455
Kazakhstan,2018,0.1412636,0.14,-0.0012636
Kazakhstan,2019,0.3912209,0.39,-0.0012209
Kazakhstan,2020,2.572042476,2.57,-0.002042476
Kuwait,1990,0,0,0
Kuwait,1991,0,0,0
Kuwait,1992,0,0,0
Kuwait,1993,0,0,0
Kuwait,1994,0,0,0
Kuwait,1995,0,0,0
Kuwait,1996,0,0,0
Kuwait,1997,0,0,0
Kuwait,1998,0,0,0
Kuwait,1999,0,0,0
Kuwait,2000,0,0,0
Kuwait,2001,0,0,0
Kuwait,2002,0,0,0
Kuwait,2003,0,0,0
Kuwait,2004,0,0,0
Kuwait,2005,0,0,0
Kuwait,2006,0,0,0
Kuwait,2007,0,0,0
Kuwait,2008,0,0,0
Kuwait,2009,0,0,0
Kuwait,2010,0,0,0
Kuwait,2011,0,0,0
Kuwait,2012,0,0,0
Kuwait,2013,0.000182,0,-0.000182
Kuwait,2014,0.003278,0,-0.003278
Kuwait,2015,0.00509,0,-0.00509
Kuwait,2016,0.048814,0.01,-0.038814
Kuwait,2017,0.051254,0.01,-0.041254
Kuwait,2018,0.070694,0.02,-0.050694
Kuwait,2019,0.153216015,0.02,-0.133216015
Kuwait,2020,0.153216015,0.02,-0.133216015
Latvia,1990,0,0,0
Latvia,1991,0,0,0
Latvia,1992,0,0,0
Latvia,1993,0,0,0
Latvia,1994,0,0,0
Latvia,1995,0,0,0
Latvia,1996,0,0,0
Latvia,1997,0,0,0
Latvia,1998,0,0,0
Latvia,1999,0,0,0
Latvia,2000,0,0,0
Latvia,2001,0,0,0
Latvia,2002,0,0,0
Latvia,2003,0,0,0
Latvia,2004,0,0,0
Latvia,2005,0,0,0
Latvia,2006,0,0,0
Latvia,2007,0,0,0
Latvia,2008,0,0,0
Latvia,2009,0,0,0
Latvia,2010,0,0,0
Latvia,2011,0.0002,0,-0.0002
Latvia,2012,0.0002,0,-0.0002
Latvia,2013,0.0002,0,-0.0002
Latvia,2014,0.0002,0,-0.0002
Latvia,2015,0.0002,0,-0.0002
Latvia,2016,0.000382,0,-0.000382
Latvia,2017,0.00044,0,-0.00044
Latvia,2018,0.001273,0,-0.001273
Latvia,2019,0.003137,0,-0.003137
Latvia,2020,0.003137,0,-0.003137
Lithuania,1990,0,0,0
Lithuania,1991,0,0,0
Lithuania,1992,0,0,0
Lithuania,1993,0,0,0
Lithuania,1994,0,0,0
Lithuania,1995,0,0,0
Lithuania,1996,0,0,0
Lithuania,1997,0,0,0
Lithuania,1998,0,0,0
Lithuania,1999,0,0,0
Lithuania,2000,0,0,0
Lithuania,2001,0,0,0
Lithuania,2002,0,0,0
Lithuania,2003,0,0,0
Lithuania,2004,0,0,0
Lithuania,2005,0,0,0
Lithuania,2006,0,0,0
Lithuania,2007,0,0,0
Lithuania,2008,0,0,0
Lithuania,2009,0,0,0
Lithuania,2010,0,0,0
Lithuania,2011,0.0001,0,-0.0001
Lithuania,2012,0.0023,0,-0.0023
Lithuania,2013,0.0448,0.05,0.0052
Lithuania,2014,0.073,0.07,-0.003
Lithuania,2015,0.0733,0.07,-0.0033
Lithuania,2016,0.0665,0.07,0.0035
Lithuania,2017,0.0665,0.07,0.0035
Lithuania,2018,0.08,0.09,0.01
Lithuania,2019,0.0911,0.09,-0.0011
Lithuania,2020,0.089774573,0.13,0.040225427
Luxembourg,1990,0,0,0
Luxembourg,1991,0,0,0
Luxembourg,1992,0,0,0
Luxembourg,1993,0,0,0
Luxembourg,1994,0,0,0
Luxembourg,1995,0,0,0
Luxembourg,1996,0,0,0
Luxembourg,1997,0,0,0
Luxembourg,1998,0,0,0
Luxembourg,1999,0,0,0
Luxembourg,2000,4e-05,0,-4.00E-05
Luxembourg,2001,4.6e-05,0,-4.60E-05
Luxembourg,2002,5.9e-05,0,-5.90E-05
Luxembourg,2003,0.001399,0,-0.001399
Luxembourg,2004,0.009199,0.01,0.000801
Luxembourg,2005,0.017698,0.02,0.002302
Luxembourg,2006,0.021114,0.02,-0.001114
Luxembourg,2007,0.020901,0.02,-0.000901
Luxembourg,2008,0.020031,0.02,-3.10E-05
Luxembourg,2009,0.020316,0.02,-0.000316
Luxembourg,2010,0.021148,0.02,-0.001148
Luxembourg,2011,0.025744,0.03,0.004256
Luxembourg,2012,0.038277,0.04,0.001723
Luxembourg,2013,0.073738,0.07,-0.003738
Luxembourg,2014,0.094741,0.09,-0.004741
Luxembourg,2015,0.103721,0.1,-0.003721
Luxembourg,2016,0.100288,0.1,-0.000288
Luxembourg,2017,0.108463,0.11,0.001537
Luxembourg,2018,0.119725,0.12,0.000275
Luxembourg,2019,0.130385,0.13,-0.000385
Luxembourg,2020,0.206469353,0.16,-0.046469353
Malaysia,1990,0,0,0
Malaysia,1991,0,0,0
Malaysia,1992,0,0,0
Malaysia,1993,0,0,0
Malaysia,1994,0,0,0
Malaysia,1995,0,0,0
Malaysia,1996,0,0,0
Malaysia,1997,0,0,0
Malaysia,1998,0,0,0
Malaysia,1999,0,0,0
Malaysia,2000,0,0,0
Malaysia,2001,0,0,0
Malaysia,2002,0,0,0
Malaysia,2003,0,0,0
Malaysia,2004,0,0,0
Malaysia,2005,0,0,0
Malaysia,2006,0,0,0
Malaysia,2007,0,0.01,0.01
Malaysia,2008,0,0.01,0.01
Malaysia,2009,0,0.01,0.01
Malaysia,2010,0,0.01,0.01
Malaysia,2011,0,0.01,0.01
Malaysia,2012,0.007,0.05,0.043000000000000003
Malaysia,2013,0.141,0.14,-0.001
Malaysia,2014,0.227,0.23,0.003
Malaysia,2015,0.273,0.27,-0.003
Malaysia,2016,0.31,0.31,0
Malaysia,2017,0.33,0.33,0
Malaysia,2018,0.632,0.57,-0.062
Malaysia,2019,0.723473937,0.94,0.216526063
Malaysia,2020,1.224444059,1,-0.224444059
Mexico,1990,0.001,0.001,0
Mexico,1991,0.002,0.002,0
Mexico,1992,0.003,0.003,0
Mexico,1993,0.004,0.004,0
Mexico,1994,0.005,0.005,0
Mexico,1995,0.005,0.005,0
Mexico,1996,0.006,0.006,0
Mexico,1997,0.006,0.006,0
Mexico,1998,0.007,0.007,0
Mexico,1999,0.007,0.007,0
Mexico,2000,0.007,0.01,0.003
Mexico,2001,0.008,0.01,0.002
Mexico,2002,0.008,0.01,0.002
Mexico,2003,0.008,0.01,0.002
Mexico,2004,0.009,0.01,0.001
Mexico,2005,0.009,0.01,0.001
Mexico,2006,0.01,0.01,0
Mexico,2007,0.009,0.01,0.001
Mexico,2008,0.019,0.01,-0.009
Mexico,2009,0.027,0.01,-0.017
Mexico,2010,0.031,0.03,-0.001
Mexico,2011,0.041,0.04,-0.001
Mexico,2012,0.069,0.07,0.001
Mexico,2013,0.106,0.11,0.004
Mexico,2014,0.221,0.22,-0.001
Mexico,2015,0.2021975,0.24,0.0378025
Mexico,2016,0.143789167,0.46,0.316210833
Mexico,2017,1.185388334,1.09,-0.095388334
Mexico,2018,3.18,1.36,-1.82
Mexico,2019,7.366388895,7.06,-0.306388895
Mexico,2020,11.87352963,13.53,1.6564703699999992
Middle Africa,1990,0,0,0
Middle Africa,1991,0,0,0
Middle Africa,1992,0,0,0
Middle Africa,1993,0,0,0
Middle Africa,1994,0,0,0
Middle Africa,1995,0,0,0
Middle Africa,1996,0,0,0
Middle Africa,1997,0,0,0
Middle Africa,1998,0,0,0
Middle Africa,1999,0,0,0
Middle Africa,2000,0,0,0
Middle Africa,2001,4.8e-05,0,-4.80E-05
Middle Africa,2002,0.000405,0,-0.000405
Middle Africa,2003,0.000587,0.001,0.000413
Middle Africa,2004,0.000834,0.001,0.000166
Middle Africa,2005,0.001256,0.001,-0.000256
Middle Africa,2006,0.001637,0.002,0.000363
Middle Africa,2007,0.004487,0.004,-0.000487
Middle Africa,2008,0.007803,0.008,0.000197
Middle Africa,2009,0.010288,0.01,-0.000288
Middle Africa,2010,0.013519,0.014,0.000481
Middle Africa,2011,0.016594,0.017,0.000406
Middle Africa,2012,0.020063,0.02,-6.30E-05
Middle Africa,2013,0.023546,0.024,0.000454
Middle Africa,2014,0.028389,0.028,-0.000389
Middle Africa,2015,0.032699,0.033,0.000301
Middle Africa,2016,0.038616,0.039,0.000384
Middle Africa,2017,0.045344,0.045,-0.000344
Middle Africa,2018,0.068228314,0.068,-0.000228314
Middle Africa,2019,0.068251034,0.068,-0.000251034
Middle Africa,2020,0.068422472,0.068,-0.000422472
Middle East,1990,0,0,0
Middle East,1991,0,0,0
Middle East,1992,0,0,0
Middle East,1993,0,0,0
Middle East,1994,0,0,0
Middle East,1995,0,0,0
Middle East,1996,0,0,0
Middle East,1997,0,0,0
Middle East,1998,0,0,0
Middle East,1999,0,0,0
Middle East,2000,0,0,0
Middle East,2001,0,0,0
Middle East,2002,0,0,0
Middle East,2003,0,0,0
Middle East,2004,0,0,0
Middle East,2005,0,0,0
Middle East,2006,0.0001,0,-0.0001
Middle East,2007,0.0001,0,-0.0001
Middle East,2008,0.003509,0,-0.003509
Middle East,2009,0.034263,0.03,-0.004263
Middle East,2010,0.0977515,0.09,-0.0077515
Middle East,2011,0.226665,0.23,0.003335
Middle East,2012,0.430906603,0.44,0.009093397
Middle East,2013,0.691371,0.68,-0.011371
Middle East,2014,1.3069485,1.29,-0.0169485
Middle East,2015,1.838847,1.67,-0.168847
Middle East,2016,2.796782,2.6,-0.196782
Middle East,2017,3.908569,3.64,-0.268569
Middle East,2018,6.040245181,5.51,-0.530245181
Middle East,2019,11.87950361,11.1,-0.77950361
Middle East,2020,16.36623426,12.22,-4.14623426
Morocco,1990,0,0,0
Morocco,1991,0,0,0
Morocco,1992,0,0,0
Morocco,1993,0,0,0
Morocco,1994,0,0,0
Morocco,1995,0,0,0
Morocco,1996,0,0,0
Morocco,1997,0,0,0
Morocco,1998,0,0,0
Morocco,1999,0,0,0
Morocco,2000,0,0,0
Morocco,2001,0,0,0
Morocco,2002,0.00010101,0,-0.00010101
Morocco,2003,0.00010101,0,-0.00010101
Morocco,2004,0.00010101,0,-0.00010101
Morocco,2005,0.00010101,0,-0.00010101
Morocco,2006,0.00010101,0,-0.00010101
Morocco,2007,0.00010101,0,-0.00010101
Morocco,2008,0.00010101,0,-0.00010101
Morocco,2009,0.00010101,0,-0.00010101
Morocco,2010,0.00010101,0,-0.00010101
Morocco,2011,0.00010101,0,-0.00010101
Morocco,2012,0.000101283,0,-0.000101283
Morocco,2013,0.00010101,0,-0.00010101
Morocco,2014,0.00010101,0,-0.00010101
Morocco,2015,0.0057,0,-0.0057
Morocco,2016,0.4015,0,-0.4015
Morocco,2017,0.4153,0,-0.4153
Morocco,2018,0.950155,0.16,-0.790155
Morocco,2019,1.581462,0.4,-1.181462
Morocco,2020,1.581462,0.38,-1.201462
Netherlands,1990,0,0,0
Netherlands,1991,0,0,0
Netherlands,1992,0.001,0,-0.001
Netherlands,1993,0.001,0,-0.001
Netherlands,1994,1e-05,0,-1.00E-05
Netherlands,1995,0.001,0,-0.001
Netherlands,1996,0.002,0,-0.002
Netherlands,1997,0.002,0,-0.002
Netherlands,1998,0.0035,0,-0.0035
Netherlands,1999,0.00527,0.01,0.00473
Netherlands,2000,0.00771,0.01,0.00229
Netherlands,2001,0.01306,0.01,-0.00306
Netherlands,2002,0.01704,0.02,0.00296
Netherlands,2003,0.03074,0.03,-0.00074
Netherlands,2004,0.03314,0.03,-0.00314
Netherlands,2005,0.034199,0.04,0.005801
Netherlands,2006,0.035223,0.04,0.004777
Netherlands,2007,0.035712,0.04,0.004288
Netherlands,2008,0.038889,0.04,0.001111
Netherlands,2009,0.044444,0.04,-0.004444
Netherlands,2010,0.059444,0.06,0.000556
Netherlands,2011,0.100344,0.1,-0.000344
Netherlands,2012,0.253753,0.19,-0.063753
Netherlands,2013,0.5159,0.41,-0.1059
Netherlands,2014,0.784762,0.73,-0.054762
Netherlands,2015,1.121509,1.11,-0.011509
Netherlands,2016,1.559424,1.6,0.040576
Netherlands,2017,2.204346,2.21,0.005654
Netherlands,2018,3.709364,3.71,0.000636
Netherlands,2019,5.336055,5.4,0.063945
Netherlands,2020,8.056083036,8.77,0.7139169639999992
New Zealand,1990,0,0,0
New Zealand,1991,0,0,0
New Zealand,1992,0,0,0
New Zealand,1993,0,0,0
New Zealand,1994,0,0,0
New Zealand,1995,0,0,0
New Zealand,1996,0,0,0
New Zealand,1997,0,0,0
New Zealand,1998,0,0,0
New Zealand,1999,0,0,0
New Zealand,2000,0,0,0
New Zealand,2001,0,0,0
New Zealand,2002,0,0,0
New Zealand,2003,0,0,0
New Zealand,2004,0,0,0
New Zealand,2005,0,0,0
New Zealand,2006,0,0,0
New Zealand,2007,0.003405895,0,-0.003405895
New Zealand,2008,0.003455616,0,-0.003455616
New Zealand,2009,0.003589863,0,-0.003589863
New Zealand,2010,0.003828525,0,-0.003828525
New Zealand,2011,0.004126869,0,-0.004126869
New Zealand,2012,0.004822949,0,-0.004822949
New Zealand,2013,0.006628901,0.01,0.003371099
New Zealand,2014,0.018611273,0.02,0.001388727
New Zealand,2015,0.036799051,0.04,0.003200949
New Zealand,2016,0.057077441,0.06,0.002922559
New Zealand,2017,0.077382385,0.08,0.002617615
New Zealand,2018,0.100928246,0.1,-0.000928246
New Zealand,2019,0.128614805,0.13,0.001385195
New Zealand,2020,0.160141922,0.16,-0.000141922
Non-OECD,1990,0.002,0.002,0
Non-OECD,1991,0.002,0.002,0
Non-OECD,1992,0.003,0.003,0
Non-OECD,1993,0.004,0.004,0
Non-OECD,1994,0.005,0.005,0
Non-OECD,1995,0.008010101,0.008,-1.01E-05
Non-OECD,1996,0.015060606,0.015,-6.06E-05
Non-OECD,1997,0.017062606,0.017,-6.26E-05
Non-OECD,1998,0.020089606,0.02,-8.96E-05
Non-OECD,1999,0.023196616,0.023,-0.000196616
Non-OECD,2000,0.044632707,0.045,0.000367293
Non-OECD,2001,0.064547207,0.065,0.000452793
Non-OECD,2002,0.088658435,0.089,0.000341565
Non-OECD,2003,0.115291618,0.115,-0.000291618
Non-OECD,2004,0.1386979,0.139,0.0003021
Non-OECD,2005,0.16361147,0.164,0.00038853
Non-OECD,2006,0.215106712,0.215,-0.000106712
Non-OECD,2007,0.311340724,0.311,-0.000340724
Non-OECD,2008,0.403553551,0.404,0.000446449
Non-OECD,2009,0.618161058,0.618,-0.000161058
Non-OECD,2010,1.333822552,1.334,0.000177448
Non-OECD,2011,4.677506263,4.678,0.000493737
Non-OECD,2012,9.252809736,9.253,0.000190264
Non-OECD,2013,17.95914023,17.959,-0.00014023
Non-OECD,2014,38.20627781,38.206,-0.00027781
Non-OECD,2015,60.90543759,60.905,-0.00043759
Non-OECD,2016,98.94853927,98.949,0.00046073
Non-OECD,2017,167.6226468,167.623,0.0003532
Non-OECD,2018,251.1619801,251.162,1.990000001228509e-05
Non-OECD,2019,329.1681554,329.168,-0.0001554
Non-OECD,2020,400.0193698,400.019,-0.0003698
North America,1990,0.371794949,0.372,0.000205051
North America,1991,0.480252873,0.48,-0.000252873
North America,1992,0.413897109,0.414,0.000102891
North America,1993,0.481214524,0.481,-0.000214524
North America,1994,0.508925425,0.509,7.457499999996564e-05
North America,1995,0.523313678,0.523,-0.000313678
North America,1996,0.553235954,0.553,-0.000235954
North America,1997,0.545643096,0.546,0.000356904
North America,1998,0.541764609,0.542,0.000235391
North America,1999,0.538605228,0.539,0.000394772
North America,2000,0.541933707,0.52,-0.021933707
North America,2001,0.601930003,0.57,-0.031930003
North America,2002,0.63233444,0.58,-0.05233444
North America,2003,0.641443792,0.56,-0.081443792
North America,2004,0.721395596,0.6,-0.121395596
North America,2005,0.776374318,0.58,-0.196374318
North America,2006,0.85711634,0.54,-0.31711634
North America,2007,1.133357867,0.65,-0.483357867
North America,2008,1.687062564,0.91,-0.777062564
North America,2009,2.211960394,1,-1.211960394
North America,2010,3.299036421,1.51,-1.789036421
North America,2011,5.351904128,2.47,-2.881904128
North America,2012,9.987013756,5.39,-4.597013756
North America,2013,17.64469548,10.8,-6.84469548
North America,2014,31.55716162,31.49,-0.06716162
North America,2015,42.52346013,43.05,0.5265398700000006
North America,2016,59.59631341,60.9,1.303686589999998
North America,2017,82.81670248,83.92,1.1032975199999981
North America,2018,101.2850505,100.95,-0.3350505
North America,2019,119.557099,121.21,1.652901
North America,2020,150.268562,151.75,1.4814379999999971
North Macedonia,1990,0,0,0
North Macedonia,1991,0,0,0
North Macedonia,1992,0,0,0
North Macedonia,1993,0,0,0
North Macedonia,1994,0,0,0
North Macedonia,1995,0,0,0
North Macedonia,1996,0,0,0
North Macedonia,1997,0,0,0
North Macedonia,1998,0,0,0
North Macedonia,1999,0,0,0
North Macedonia,2000,0,0,0
North Macedonia,2001,0,0,0
North Macedonia,2002,0,0,0
North Macedonia,2003,0,0,0
North Macedonia,2004,0,0,0
North Macedonia,2005,0,0,0
North Macedonia,2006,0,0,0
North Macedonia,2007,0,0,0
North Macedonia,2008,0,0,0
North Macedonia,2009,0,0,0
North Macedonia,2010,2.6e-05,0,-2.60E-05
North Macedonia,2011,0.001173,0,-0.001173
North Macedonia,2012,0.002836,0,-0.002836
North Macedonia,2013,0.009051,0.01,0.000949
North Macedonia,2014,0.014382,0.01,-0.004382
North Macedonia,2015,0.0226,0.02,-0.0026
North Macedonia,2016,0.0237,0.02,-0.0037
North Macedonia,2017,0.023751,0.02,-0.003751
North Macedonia,2018,0.022788,0.02,-0.002788
North Macedonia,2019,0.023227,0.02,-0.003227
North Macedonia,2020,0.023537,0.02,-0.003537
Norway,1990,0,0,0
Norway,1991,0,0,0
Norway,1992,0,0,0
Norway,1993,0,0,0
Norway,1994,0,0,0
Norway,1995,0,0,0
Norway,1996,0,0,0
Norway,1997,0,0,0
Norway,1998,0,0,0
Norway,1999,0,0,0
Norway,2000,0.0053,0,-0.0053
Norway,2001,0.0053,0,-0.0053
Norway,2002,0.0053,0,-0.0053
Norway,2003,0.0062,0,-0.0062
Norway,2004,0.0062,0,-0.0062
Norway,2005,0.0062,0,-0.0062
Norway,2006,0.0071,0,-0.0071
Norway,2007,0.0071,0,-0.0071
Norway,2008,0.0074,0,-0.0074
Norway,2009,0.0077,0,-0.0077
Norway,2010,0.0081,0,-0.0081
Norway,2011,0.0085,0,-0.0085
Norway,2012,0.0089,0,-0.0089
Norway,2013,0.0098,0,-0.0098
Norway,2014,0.0116,0,-0.0116
Norway,2015,0.0134,0,-0.0134
Norway,2016,0.0238,0,-0.0238
Norway,2017,0.039961,0,-0.039961
Norway,2018,0.060876,0,-0.060876
Norway,2019,0.106799999,0.01,-0.096799999
Norway,2020,0.135012997,0.03,-0.105012997
OECD,1990,0.386294949,0.386,-0.000294949
OECD,1991,0.503202873,0.503,-0.000202873
OECD,1992,0.465585109,0.466,0.000414891
OECD,1993,0.552697524,0.553,0.000302476
OECD,1994,0.595013925,0.595,-1.39E-05
OECD,1995,0.632803678,0.633,0.000196322
OECD,1996,0.690147366,0.69,-0.000147366
OECD,1997,0.739522186,0.74,0.000477814
OECD,1998,0.811699359,0.812,0.000300641
OECD,1999,0.893000283,0.893,-2.83E-07
OECD,2000,1.07433769,1.04,-0.03433769
OECD,2001,1.334738472,1.3,-0.034738472
OECD,2002,1.673432695,1.6,-0.073432695
OECD,2003,2.141081536,1.96,-0.181081536
OECD,2004,2.834017318,2.58,-0.254017318
OECD,2005,3.999688187,3.65,-0.349688187
OECD,2006,5.503782153,4.96,-0.543782153
OECD,2007,7.447260081,6.67,-0.777260081
OECD,2008,12.20490357,11.05,-1.15490357
OECD,2009,20.32318619,18.67,-1.65318619
OECD,2010,32.33814308,29.62,-2.71814308
OECD,2011,60.50201741,57.36,-3.14201741
OECD,2012,91.90355778,86.65,-5.25355778
OECD,2013,120.9774733,113.87,-7.1074733
OECD,2014,159.5537699,158.15,-1.4037699
OECD,2015,195.4505623,194.3,-1.1505623
OECD,2016,229.4366691,230.81,1.3733309000000133
OECD,2017,278.4315174,277.84,-0.5915174
OECD,2018,325.7892673,319.09,-6.6992673
OECD,2019,378.7503399,369.02,-9.7303399
OECD,2020,455.7053199,445.77,-9.9353199
Oman,1990,0,0,0
Oman,1991,0,0,0
Oman,1992,0,0,0
Oman,1993,0,0,0
Oman,1994,0,0,0
Oman,1995,0,0,0
Oman,1996,0,0,0
Oman,1997,0,0,0
Oman,1998,0,0,0
Oman,1999,0,0,0
Oman,2000,0,0,0
Oman,2001,0,0,0
Oman,2002,0,0,0
Oman,2003,0,0,0
Oman,2004,0,0,0
Oman,2005,0,0,0
Oman,2006,0,0,0
Oman,2007,0,0,0
Oman,2008,0,0,0
Oman,2009,0,0,0
Oman,2010,0,0,0
Oman,2011,0,0,0
Oman,2012,0,0,0
Oman,2013,0.0012,0,-0.0012
Oman,2014,0.0012,0,-0.0012
Oman,2015,0.0037,0,-0.0037
Oman,2016,0.004196,0,-0.004196
Oman,2017,0.01556,0,-0.01556
Oman,2018,0.015712,0,-0.015712
Oman,2019,0.016555305,0,-0.016555305
Oman,2020,0.206061992,0,-0.206061992
Pakistan,1990,0,0,0
Pakistan,1991,0,0,0
Pakistan,1992,0,0,0
Pakistan,1993,0,0,0
Pakistan,1994,0,0,0
Pakistan,1995,0,0,0
Pakistan,1996,0,0,0
Pakistan,1997,0,0,0
Pakistan,1998,0,0,0
Pakistan,1999,0,0,0
Pakistan,2000,0,0,0
Pakistan,2001,0,0,0
Pakistan,2002,0,0,0
Pakistan,2003,0,0,0
Pakistan,2004,0,0,0
Pakistan,2005,0,0,0
Pakistan,2006,0,0,0
Pakistan,2007,0.000202,0,-0.000202
Pakistan,2008,0.001584,0,-0.001584
Pakistan,2009,0.005328,0,-0.005328
Pakistan,2010,0.013428,0.01,-0.003428
Pakistan,2011,0.02683,0.03,0.00317
Pakistan,2012,0.065815,0.07,0.004185
Pakistan,2013,0.144735,0.14,-0.004735
Pakistan,2014,0.237952,0.24,0.002048
Pakistan,2015,0.367668,0.37,0.002332
Pakistan,2016,0.853702,0.85,-0.003702
Pakistan,2017,1.314321,0.89,-0.424321
Pakistan,2018,1.545411,1.02,-0.525411
Pakistan,2019,1.623248309,1.16,-0.463248309
Pakistan,2020,1.677748536,1.2,-0.477748536
Peru,1990,0,0,0
Peru,1991,0,0,0
Peru,1992,0,0,0
Peru,1993,0,0,0
Peru,1994,0,0,0
Peru,1995,0,0,0
Peru,1996,0,0,0
Peru,1997,0,0,0
Peru,1998,0,0,0
Peru,1999,0,0,0
Peru,2000,0,0,0
Peru,2001,0,0,0
Peru,2002,0,0,0
Peru,2003,0,0,0
Peru,2004,0,0,0
Peru,2005,0,0,0
Peru,2006,0,0,0
Peru,2007,0,0,0
Peru,2008,0,0,0
Peru,2009,0,0,0
Peru,2010,0,0,0
Peru,2011,0,0,0
Peru,2012,0.0597,0.06,0.0003
Peru,2013,0.1969,0.2,0.0031
Peru,2014,0.1993,0.2,0.0007
Peru,2015,0.230255343,0.23,-0.000255343
Peru,2016,0.241818781,0.24,-0.001818781
Peru,2017,0.287200343,0.29,0.002799657
Peru,2018,0.74540054,0.75,0.00459946
Peru,2019,0.763,0.78,0.017000000000000015
Peru,2020,0.778,0.8,0.022
Philippines,1990,0,0,0
Philippines,1991,0,0,0
Philippines,1992,0,0,0
Philippines,1993,0,0,0
Philippines,1994,0,0,0
Philippines,1995,0,0,0
Philippines,1996,0,0,0
Philippines,1997,0,0,0
Philippines,1998,0,0,0
Philippines,1999,0,0,0
Philippines,2000,0,0,0
Philippines,2001,0,0,0
Philippines,2002,0,0,0
Philippines,2003,0,0,0
Philippines,2004,0,0,0
Philippines,2005,0.001517,0,-0.001517
Philippines,2006,0.001376,0,-0.001376
Philippines,2007,0.001309,0,-0.001309
Philippines,2008,0.001304,0,-0.001304
Philippines,2009,0.001252,0,-0.001252
Philippines,2010,0.001254,0,-0.001254
Philippines,2011,0.001212,0,-0.001212
Philippines,2012,0.00132,0,-0.00132
Philippines,2013,0.001414,0,-0.001414
Philippines,2014,0.016517,0.02,0.003483
Philippines,2015,0.138534,0.14,0.001466
Philippines,2016,1.097016,1.1,0.002984
Philippines,2017,1.201152,1.2,-0.001152
Philippines,2018,1.249116398,1.25,0.000883602
Philippines,2019,1.246082,1.25,0.003918
Philippines,2020,1.372604,1.25,-0.122604
Poland,1990,0,0,0
Poland,1991,0,0,0
Poland,1992,0,0,0
Poland,1993,0,0,0
Poland,1994,0,0,0
Poland,1995,0,0,0
Poland,1996,0,0,0
Poland,1997,0,0,0
Poland,1998,0,0,0
Poland,1999,0,0,0
Poland,2000,0,0,0
Poland,2001,0,0,0
Poland,2002,0,0,0
Poland,2003,0,0,0
Poland,2004,0,0,0
Poland,2005,0,0,0
Poland,2006,0,0,0
Poland,2007,0,0,0
Poland,2008,0,0,0
Poland,2009,0,0,0
Poland,2010,0,0,0
Poland,2011,0.0002,0,-0.0002
Poland,2012,0.0011,0,-0.0011
Poland,2013,0.0015,0,-0.0015
Poland,2014,0.007,0.01,0.003
Poland,2015,0.057,0.06,0.003
Poland,2016,0.124,0.12,-0.004
Poland,2017,0.165,0.17,0.005
Poland,2018,0.3,0.3,0
Poland,2019,0.710673,0.71,-0.000673
Poland,2020,1.99,1.96,-0.03
Portugal,1990,0,0,0
Portugal,1991,0,0,0
Portugal,1992,0,0,0
Portugal,1993,0,0,0
Portugal,1994,0,0,0
Portugal,1995,0,0,0
Portugal,1996,0.001,0,-0.001
Portugal,1997,0.001,0,-0.001
Portugal,1998,0.0008,0,-0.0008
Portugal,1999,0.0011,0,-0.0011
Portugal,2000,0.0014,0,-0.0014
Portugal,2001,0.0016,0,-0.0016
Portugal,2002,0.0018,0,-0.0018
Portugal,2003,0.0026,0,-0.0026
Portugal,2004,0.0029,0,-0.0029
Portugal,2005,0.0038,0,-0.0038
Portugal,2006,0.005,0,-0.005
Portugal,2007,0.024,0.02,-0.004
Portugal,2008,0.041,0.04,-0.001
Portugal,2009,0.16,0.16,0
Portugal,2010,0.215,0.21,-0.005
Portugal,2011,0.282,0.28,-0.002
Portugal,2012,0.393,0.39,-0.003
Portugal,2013,0.479139885,0.48,0.000860115
Portugal,2014,0.627316615,0.63,0.002683385
Portugal,2015,0.796154916,0.8,0.003845084
Portugal,2016,0.822,0.87,0.048
Portugal,2017,0.992,0.99,-0.002
Portugal,2018,1.005,1.01,0.005
Portugal,2019,1.343,1.34,-0.003
Portugal,2020,1.695,1.72,0.025
Qatar,1990,0,0,0
Qatar,1991,0,0,0
Qatar,1992,0,0,0
Qatar,1993,0,0,0
Qatar,1994,0,0,0
Qatar,1995,0,0,0
Qatar,1996,0,0,0
Qatar,1997,0,0,0
Qatar,1998,0,0,0
Qatar,1999,0,0,0
Qatar,2000,0,0,0
Qatar,2001,0,0,0
Qatar,2002,0,0,0
Qatar,2003,0,0,0
Qatar,2004,0,0,0
Qatar,2005,0,0,0
Qatar,2006,0,0,0
Qatar,2007,0,0,0
Qatar,2008,0,0,0
Qatar,2009,0,0,0
Qatar,2010,0,0,0
Qatar,2011,0.001094,0,-0.001094
Qatar,2012,0.001094,0,-0.001094
Qatar,2013,0.003751,0,-0.003751
Qatar,2014,0.006506,0.01,0.003494
Qatar,2015,0.006506,0.01,0.003494
Qatar,2016,0.008364,0.01,0.001636
Qatar,2017,0.008364,0.01,0.001636
Qatar,2018,0.008364,0.01,0.001636
Qatar,2019,0.008364,0.01,0.001636
Qatar,2020,0.008364,0.01,0.001636
Romania,1990,0,0,0
Romania,1991,0,0,0
Romania,1992,0,0,0
Romania,1993,0,0,0
Romania,1994,0,0,0
Romania,1995,0,0,0
Romania,1996,0,0,0
Romania,1997,0,0,0
Romania,1998,0,0,0
Romania,1999,0,0,0
Romania,2000,0,0,0
Romania,2001,0,0,0
Romania,2002,0,0,0
Romania,2003,0,0,0
Romania,2004,0,0,0
Romania,2005,0,0,0
Romania,2006,0,0,0
Romania,2007,0,0,0
Romania,2008,0,0,0
Romania,2009,0.001010101,0,-0.001010101
Romania,2010,0.002020202,0,-0.002020202
Romania,2011,0.001,0,-0.001
Romania,2012,0.008,0.01,0.002
Romania,2013,0.42,0.42,0
Romania,2014,1.2953,1.62,0.3247000000000002
Romania,2015,1.982,1.98,-0.002
Romania,2016,1.82,1.82,0
Romania,2017,1.856,1.86,0.004
Romania,2018,1.771,1.77,-0.001
Romania,2019,1.778,1.78,0.002
Romania,2020,1.703,1.73,0.026999999999999913
Russia,1990,0,0,0
Russia,1991,0,0,0
Russia,1992,0,0,0
Russia,1993,0,0,0
Russia,1994,0,0,0
Russia,1995,0,0,0
Russia,1996,0,0,0
Russia,1997,0,0,0
Russia,1998,0,0,0
Russia,1999,0,0,0
Russia,2000,0,0,0
Russia,2001,0,0,0
Russia,2002,0,0,0
Russia,2003,0,0,0
Russia,2004,0,0,0
Russia,2005,0,0,0
Russia,2006,0,0,0
Russia,2007,0,0,0
Russia,2008,0,0,0
Russia,2009,0,0,0
Russia,2010,0,0,0
Russia,2011,0.0012,0,-0.0012
Russia,2012,0.004211507,0,-0.004211507
Russia,2013,0.0108,0,-0.0108
Russia,2014,0.16,0.16,0
Russia,2015,0.3356,0.34,0.0044
Russia,2016,0.4683,0.46,-0.0083
Russia,2017,0.544,0.56,0.016000000000000014
Russia,2018,0.62446,0.72,0.09554
Russia,2019,0.98505,1.28,0.29495000000000005
Russia,2020,1.86214,1.86,-0.00214
Saudi Arabia,1990,0,0,0
Saudi Arabia,1991,0,0,0
Saudi Arabia,1992,0,0,0
Saudi Arabia,1993,0,0,0
Saudi Arabia,1994,0,0,0
Saudi Arabia,1995,0,0,0
Saudi Arabia,1996,0,0,0
Saudi Arabia,1997,0,0,0
Saudi Arabia,1998,0,0,0
Saudi Arabia,1999,0,0,0
Saudi Arabia,2000,0,0,0
Saudi Arabia,2001,0,0,0
Saudi Arabia,2002,0,0,0
Saudi Arabia,2003,0,0,0
Saudi Arabia,2004,0,0,0
Saudi Arabia,2005,0,0,0
Saudi Arabia,2006,0,0,0
Saudi Arabia,2007,0,0,0
Saudi Arabia,2008,0.000609,0,-0.000609
Saudi Arabia,2009,0.000609,0,-0.000609
Saudi Arabia,2010,0.004089,0,-0.004089
Saudi Arabia,2011,0.005392,0.01,0.004608
Saudi Arabia,2012,0.025637,0.03,0.004363
Saudi Arabia,2013,0.042475,0.04,-0.002475
Saudi Arabia,2014,0.045881,0.05,0.004119
Saudi Arabia,2015,0.045881,0.05,0.004119
Saudi Arabia,2016,0.045881,0.05,0.004119
Saudi Arabia,2017,0.065036,0.07,0.004964
Saudi Arabia,2018,0.213956,0.21,-0.003956
Saudi Arabia,2019,1.037955867,1.04,0.002044133
Saudi Arabia,2020,1.037955867,1.04,0.002044133
Singapore,1990,0,0,0
Singapore,1991,0,0,0
Singapore,1992,0,0,0
Singapore,1993,0,0,0
Singapore,1994,0,0,0
Singapore,1995,0,0,0
Singapore,1996,0,0,0
Singapore,1997,0,0,0
Singapore,1998,0,0,0
Singapore,1999,0,0,0
Singapore,2000,0,0,0
Singapore,2001,0,0,0
Singapore,2002,0,0,0
Singapore,2003,0,0,0
Singapore,2004,0,0,0
Singapore,2005,0,0,0
Singapore,2006,0,0,0
Singapore,2007,0,0,0
Singapore,2008,0.000297,0,-0.000297
Singapore,2009,0.001596,0,-0.001596
Singapore,2010,0.003086,0,-0.003086
Singapore,2011,0.004895,0.01,0.005105
Singapore,2012,0.008193,0.01,0.001807
Singapore,2013,0.012556,0.02,0.007444
Singapore,2014,0.027133,0.04,0.012867
Singapore,2015,0.048733,0.07,0.021267000000000008
Singapore,2016,0.08848914,0.15,0.06151086
Singapore,2017,0.122786,0.17,0.047214000000000006
Singapore,2018,0.13516214,0.24,0.10483786
Singapore,2019,0.19461899,0.41,0.21538100999999998
Singapore,2020,0.29510812,0.62,0.32489188
Slovakia,1990,0,0,0
Slovakia,1991,0,0,0
Slovakia,1992,0,0,0
Slovakia,1993,0,0,0
Slovakia,1994,0,0,0
Slovakia,1995,0,0,0
Slovakia,1996,0,0,0
Slovakia,1997,0,0,0
Slovakia,1998,0,0,0
Slovakia,1999,0,0,0
Slovakia,2000,0,0,0
Slovakia,2001,0,0,0
Slovakia,2002,0,0,0
Slovakia,2003,0,0,0
Slovakia,2004,0,0,0
Slovakia,2005,0,0,0
Slovakia,2006,0,0,0
Slovakia,2007,0,0,0
Slovakia,2008,0,0,0
Slovakia,2009,0,0,0
Slovakia,2010,0.017,0.02,0.003
Slovakia,2011,0.397,0.4,0.003
Slovakia,2012,0.424,0.42,-0.004
Slovakia,2013,0.588,0.59,0.002
Slovakia,2014,0.597,0.6,0.003
Slovakia,2015,0.506,0.51,0.004
Slovakia,2016,0.533,0.53,-0.003
Slovakia,2017,0.506,0.51,0.004
Slovakia,2018,0.585,0.58,-0.005
Slovakia,2019,0.589,0.59,0.001
Slovakia,2020,0.655999998,0.66,0.004000002
Slovenia,1990,0,0,0
Slovenia,1991,0,0,0
Slovenia,1992,0,0,0
Slovenia,1993,0,0,0
Slovenia,1994,0,0,0
Slovenia,1995,0,0,0
Slovenia,1996,0,0,0
Slovenia,1997,0,0,0
Slovenia,1998,0,0,0
Slovenia,1999,0,0,0
Slovenia,2000,0,0,0
Slovenia,2001,0,0,0
Slovenia,2002,0,0,0
Slovenia,2003,0,0,0
Slovenia,2004,0,0,0
Slovenia,2005,0,0,0
Slovenia,2006,0,0,0
Slovenia,2007,0,0,0
Slovenia,2008,0.001,0,-0.001
Slovenia,2009,0.004,0,-0.004
Slovenia,2010,0.013,0.01,-0.003
Slovenia,2011,0.066,0.07,0.004
Slovenia,2012,0.163,0.16,-0.003
Slovenia,2013,0.215,0.22,0.005
Slovenia,2014,0.257,0.26,0.003
Slovenia,2015,0.274,0.27,-0.004
Slovenia,2016,0.267,0.27,0.003
Slovenia,2017,0.283867,0.28,-0.003867
Slovenia,2018,0.254961,0.25,-0.004961
Slovenia,2019,0.303039,0.3,-0.003039
Slovenia,2020,0.287871,0.37,0.082129
South Africa,1990,0,0,0
South Africa,1991,0,0,0
South Africa,1992,0,0,0
South Africa,1993,0,0,0
South Africa,1994,0,0,0
South Africa,1995,0,0,0
South Africa,1996,0,0,0
South Africa,1997,0,0,0
South Africa,1998,0,0,0
South Africa,1999,0,0,0
South Africa,2000,0.0093,0,-0.0093
South Africa,2001,0.0108,0,-0.0108
South Africa,2002,0.0124,0.02,0.0076
South Africa,2003,0.0139,0.02,0.0061
South Africa,2004,0.0155,0.02,0.0045
South Africa,2005,0.017,0.02,0.003
South Africa,2006,0.0186,0.02,0.0014
South Africa,2007,0.0201,0.02,-1.00E-04
South Africa,2008,0.0217,0.02,-0.0017
South Africa,2009,0.0233,0.02,-0.0033
South Africa,2010,0.0276,0.02,-0.0076
South Africa,2011,0.0803,0.02,-0.0603
South Africa,2012,0.086,0.03,-0.056
South Africa,2013,0.243,0.05,-0.193
South Africa,2014,1.123,1.01,-0.113
South Africa,2015,2.749,1.95,-0.799
South Africa,2016,3.274,2.51,-0.764
South Africa,2017,4.239,3.25,-0.989
South Africa,2018,4.573,3.21,-1.363
South Africa,2019,4.903,3.26,-1.643
South Africa,2020,5.177519197,3.6,-1.577519197
South Korea,1990,0.001,0.001,0
South Korea,1991,0.001,0.001,0
South Korea,1992,0.002,0.002,0
South Korea,1993,0.002,0.002,0
South Korea,1994,0.002,0.002,0
South Korea,1995,0.002,0.002,0
South Korea,1996,0.003,0.003,0
South Korea,1997,0.003,0.003,0
South Korea,1998,0.004,0.004,0
South Korea,1999,0.004572,0.005,0.000428
South Korea,2000,0.005284,0,-0.005284
South Korea,2001,0.006184,0.01,0.003816
South Korea,2002,0.007044,0.01,0.002956
South Korea,2003,0.007752,0.01,0.002248
South Korea,2004,0.009872,0.01,0.000128
South Korea,2005,0.014399,0.01,-0.004399
South Korea,2006,0.031022,0.03,-0.001022
South Korea,2007,0.071279,0.07,-0.001279
South Korea,2008,0.284315,0.28,-0.004315
South Korea,2009,0.566191,0.57,0.003809
South Korea,2010,0.772801,0.77,-0.002801
South Korea,2011,0.917198,0.92,0.002802
South Korea,2012,1.103227,1.1,-0.003227
South Korea,2013,1.605182,1.6,-0.005182
South Korea,2014,2.5563,2.55,-0.0063
South Korea,2015,3.979158353,3.88,-0.099158353
South Korea,2016,5.122441417,5.07,-0.052441417
South Korea,2017,7.056219269,7.05,-0.006219269
South Korea,2018,9.208098859,9.21,0.001901141
South Korea,2019,12.99601799,13.02,0.02398201
South Korea,2020,16.568756,18.25,1.6812439999999995
Spain,1990,0.006,0.01,0.004
Spain,1991,0.007,0.01,0.003
Spain,1992,0.008,0.01,0.002
Spain,1993,0.009,0.01,0.001
Spain,1994,0.01,0.01,0
Spain,1995,0.015,0.02,0.005
Spain,1996,0.012,0.02,0.008
Spain,1997,0.013,0.02,0.007
Spain,1998,0.015,0.02,0.005
Spain,1999,0.017,0.03,0.012999999999999998
Spain,2000,0.018,0.01,-0.008
Spain,2001,0.024,0.02,-0.004
Spain,2002,0.03,0.02,-0.01
Spain,2003,0.041,0.02,-0.021
Spain,2004,0.056,0.02,-0.036
Spain,2005,0.041,0.05,0.009
Spain,2006,0.119,0.12,0.001
Spain,2007,0.508,0.52,0.012
Spain,2008,2.578,2.58,0.002
Spain,2009,6.066934673,6.06,-0.006934673
Spain,2010,7.064428643,7.19,0.1255713570000001
Spain,2011,8.679536284,9.4,0.7204637160000011
Spain,2012,11.96590945,11.97,0.00409055
Spain,2013,13.11088913,13.1,-0.01088913
Spain,2014,13.67302681,13.67,-0.00302681
Spain,2015,13.85842969,13.86,0.00157031
Spain,2016,13.64170068,13.64,-0.00170068
Spain,2017,14.32067117,14.4,0.07932883
Spain,2018,12.744,12.74,-0.004
Spain,2019,15.10828678,15.1,-0.00828678
Spain,2020,20.805361,20.67,-0.135361
Sri Lanka,1990,0,0,0
Sri Lanka,1991,0,0,0
Sri Lanka,1992,0,0,0
Sri Lanka,1993,0,0,0
Sri Lanka,1994,0,0,0
Sri Lanka,1995,0,0,0
Sri Lanka,1996,0,0,0
Sri Lanka,1997,0,0,0
Sri Lanka,1998,0,0,0
Sri Lanka,1999,0,0,0
Sri Lanka,2000,0.000432,0.01,0.009568
Sri Lanka,2001,0.000903096,0.01,0.009096904
Sri Lanka,2002,0.001501112,0.01,0.008498888
Sri Lanka,2003,0.002403992,0.01,0.007596008
Sri Lanka,2004,0.003539072,0.01,0.006460928
Sri Lanka,2005,0.004615336,0.01,0.005384664
Sri Lanka,2006,0.00538678,0.01,0.00461322
Sri Lanka,2007,0.00597646,0.02,0.014023540000000001
Sri Lanka,2008,0.006375132,0.02,0.013624868
Sri Lanka,2009,0.006787804,0.02,0.013212196
Sri Lanka,2010,0.007195476,0.02,0.012804524000000001
Sri Lanka,2011,0.008714148,0.02,0.011285852
Sri Lanka,2012,0.01000782,0.02,0.00999218
Sri Lanka,2013,0.01438312,0.02,0.00561688
Sri Lanka,2014,0.02808402,0.02,-0.00808402
Sri Lanka,2015,0.04872,0.02,-0.02872
Sri Lanka,2016,0.08297,0.02,-0.06297
Sri Lanka,2017,0.22461,0.14,-0.08461
Sri Lanka,2018,0.32131,0.12,-0.20131
Sri Lanka,2019,0.373369488,0.1,-0.273369488
Sri Lanka,2020,0.400155745,0.11,-0.290155745
Sweden,1990,0,0,0
Sweden,1991,0,0,0
Sweden,1992,0,0,0
Sweden,1993,0.001,0,-0.001
Sweden,1994,0.001,0,-0.001
Sweden,1995,0.001,0,-0.001
Sweden,1996,0.001,0,-0.001
Sweden,1997,0.001,0,-0.001
Sweden,1998,0.001,0,-0.001
Sweden,1999,0.001,0,-0.001
Sweden,2000,0.001,0,-0.001
Sweden,2001,0.002,0,-0.002
Sweden,2002,0.002,0,-0.002
Sweden,2003,0.002,0,-0.002
Sweden,2004,0.002,0,-0.002
Sweden,2005,0.002,0,-0.002
Sweden,2006,0.002,0,-0.002
Sweden,2007,0.003,0,-0.003
Sweden,2008,0.004,0,-0.004
Sweden,2009,0.007,0.01,0.003
Sweden,2010,0.009,0.01,0.001
Sweden,2011,0.013,0.01,-0.003
Sweden,2012,0.019,0.02,0.001
Sweden,2013,0.035,0.04,0.005
Sweden,2014,0.047,0.05,0.003
Sweden,2015,0.097,0.1,0.003
Sweden,2016,0.143,0.14,-0.003
Sweden,2017,0.23,0.23,0
Sweden,2018,0.391,0.41,0.019
Sweden,2019,0.663,0.68,0.017000000000000015
Sweden,2020,1.056428571,1.05,-0.006428571
Switzerland,1990,0.001,0.001,0
Switzerland,1991,0.002,0.002,0
Switzerland,1992,0.003,0.003,0
Switzerland,1993,0.004,0.004,0
Switzerland,1994,0.005,0.005,0
Switzerland,1995,0.006,0.006,0
Switzerland,1996,0.007,0.007,0
Switzerland,1997,0.007,0.007,0
Switzerland,1998,0.008,0.008,0
Switzerland,1999,0.01,0.01,0
Switzerland,2000,0.011,0.01,-0.001
Switzerland,2001,0.013,0.01,-0.003
Switzerland,2002,0.015,0.01,-0.005
Switzerland,2003,0.018,0.02,0.002
Switzerland,2004,0.018,0.02,0.002
Switzerland,2005,0.021,0.02,-0.001
Switzerland,2006,0.024,0.02,-0.004
Switzerland,2007,0.029,0.03,0.001
Switzerland,2008,0.037,0.03,-0.007
Switzerland,2009,0.054,0.05,-0.004
Switzerland,2010,0.094,0.09,-0.004
Switzerland,2011,0.168,0.17,0.002
Switzerland,2012,0.299,0.3,0.001
Switzerland,2013,0.5,0.5,0
Switzerland,2014,0.842,0.84,-0.002
Switzerland,2015,1.119,1.12,0.001
Switzerland,2016,1.333,1.33,-0.003
Switzerland,2017,1.683,1.68,-0.003
Switzerland,2018,1.945,1.95,0.005
Switzerland,2019,2.178,2.18,0.002
Switzerland,2020,2.623314388,2.52,-0.103314388
Taiwan,1990,0,0,0
Taiwan,1991,0,0,0
Taiwan,1992,0,0,0
Taiwan,1993,0,0,0
Taiwan,1994,0,0,0
Taiwan,1995,0,0,0
Taiwan,1996,0,0,0
Taiwan,1997,0,0,0
Taiwan,1998,0,0,0
Taiwan,1999,0,0,0
Taiwan,2000,0.00012,0,-0.00012
Taiwan,2001,0.000264,0,-0.000264
Taiwan,2002,0.000348,0,-0.000348
Taiwan,2003,0.000461,0,-0.000461
Taiwan,2004,0.000584,0,-0.000584
Taiwan,2005,0.00096,0,-0.00096
Taiwan,2006,0.001457,0,-0.001457
Taiwan,2007,0.00218,0,-0.00218
Taiwan,2008,0.004473143,0,-0.004473143
Taiwan,2009,0.009112535,0.01,0.000887465
Taiwan,2010,0.021727004,0.02,-0.001727004
Taiwan,2011,0.061622537,0.11,0.048377463
Taiwan,2012,0.159869831,0.21,0.050130169
Taiwan,2013,0.321096236,0.34,0.018903764000000045
Taiwan,2014,0.528762129,0.55,0.021237871000000075
Taiwan,2015,0.850267948,0.88,0.029732051999999953
Taiwan,2016,1.10900465,1.13,0.020995349999999968
Taiwan,2017,1.667452949,1.69,0.022547050999999874
Taiwan,2018,2.712035669,2.74,0.027964331000000175
Taiwan,2019,4.014341974,4.01,-0.004341974
Taiwan,2020,6.085793133,6.09,0.004206867
Thailand,1990,0,0,0
Thailand,1991,0,0,0
Thailand,1992,0,0,0
Thailand,1993,0,0,0
Thailand,1994,0,0,0
Thailand,1995,0,0,0
Thailand,1996,0,0,0
Thailand,1997,0,0,0
Thailand,1998,0,0,0
Thailand,1999,0,0,0
Thailand,2000,0,0,0
Thailand,2001,0,0,0
Thailand,2002,0,0,0
Thailand,2003,0,0,0
Thailand,2004,0,0,0
Thailand,2005,0,0,0
Thailand,2006,0.03648,0,-0.03648
Thailand,2007,0.03876,0,-0.03876
Thailand,2008,0.03888,0,-0.03888
Thailand,2009,0.0444,0.01,-0.0344
Thailand,2010,0.05832,0.02,-0.03832
Thailand,2011,0.09444,0.09,-0.00444
Thailand,2012,0.498475,0.49,-0.008475
Thailand,2013,1.257475,1.08,-0.177475
Thailand,2014,1.933475,1.38,-0.553475
Thailand,2015,2.378,2.38,0.002
Thailand,2016,3.377,3.38,0.003
Thailand,2017,4.543,4.54,-0.003
Thailand,2018,4.537,4.54,0.003
Thailand,2019,4.567853753,5.15,0.5821462470000007
Thailand,2020,4.567853753,4.93,0.3621462470000001
Trinidad and Tobago,1990,0,0,0
Trinidad and Tobago,1991,0,0,0
Trinidad and Tobago,1992,0,0,0
Trinidad and Tobago,1993,0,0,0
Trinidad and Tobago,1994,0,0,0
Trinidad and Tobago,1995,0,0,0
Trinidad and Tobago,1996,0,0,0
Trinidad and Tobago,1997,0,0,0
Trinidad and Tobago,1998,0,0,0
Trinidad and Tobago,1999,0,0,0
Trinidad and Tobago,2000,0.000127,0,-0.000127
Trinidad and Tobago,2001,0.000635,0,-0.000635
Trinidad and Tobago,2002,0.000965,0,-0.000965
Trinidad and Tobago,2003,0.001498,0,-0.001498
Trinidad and Tobago,2004,0.002175,0,-0.002175
Trinidad and Tobago,2005,0.002339,0,-0.002339
Trinidad and Tobago,2006,0.002686,0,-0.002686
Trinidad and Tobago,2007,0.002881,0,-0.002881
Trinidad and Tobago,2008,0.00313,0,-0.00313
Trinidad and Tobago,2009,0.003535,0,-0.003535
Trinidad and Tobago,2010,0.004004,0,-0.004004
Trinidad and Tobago,2011,0.004004,0,-0.004004
Trinidad and Tobago,2012,0.004004,0,-0.004004
Trinidad and Tobago,2013,0.004004,0,-0.004004
Trinidad and Tobago,2014,0.004488,0,-0.004488
Trinidad and Tobago,2015,0.005151,0,-0.005151
Trinidad and Tobago,2016,0.005151,0,-0.005151
Trinidad and Tobago,2017,0.005151,0,-0.005151
Trinidad and Tobago,2018,0.004669991,0,-0.004669991
Trinidad and Tobago,2019,0.004669991,0,-0.004669991
Trinidad and Tobago,2020,0.004671,0,-0.004671
Turkey,1990,0,0,0
Turkey,1991,0,0,0
Turkey,1992,0,0,0
Turkey,1993,0,0,0
Turkey,1994,0,0,0
Turkey,1995,0,0,0
Turkey,1996,0,0,0
Turkey,1997,0,0,0
Turkey,1998,0,0,0
Turkey,1999,0,0,0
Turkey,2000,0,0,0
Turkey,2001,0,0,0
Turkey,2002,0,0,0
Turkey,2003,0,0,0
Turkey,2004,0,0,0
Turkey,2005,0,0,0
Turkey,2006,0,0,0
Turkey,2007,0,0,0
Turkey,2008,0,0,0
Turkey,2009,0,0,0
Turkey,2010,0.0024,0,-0.0024
Turkey,2011,0.002861538,0,-0.002861538
Turkey,2012,0.004257787,0,-0.004257787
Turkey,2013,0.006784615,0,-0.006784615
Turkey,2014,0.0174,0.02,0.0026
Turkey,2015,0.19412,0.19,-0.00412
Turkey,2016,1.0431,1.04,-0.0031
Turkey,2017,2.8893,2.89,0.0007
Turkey,2018,7.7998,7.8,0.0002
Turkey,2019,9.2498,9.25,0.0002
Turkey,2020,10.83464461,10.95,0.1153553899999995
Turkmenistan,1990,0,0,0
Turkmenistan,1991,0,0,0
Turkmenistan,1992,0,0,0
Turkmenistan,1993,0,0,0
Turkmenistan,1994,0,0,0
Turkmenistan,1995,0,0,0
Turkmenistan,1996,0,0,0
Turkmenistan,1997,0,0,0
Turkmenistan,1998,0,0,0
Turkmenistan,1999,0,0,0
Turkmenistan,2000,0,0,0
Turkmenistan,2001,0,0,0
Turkmenistan,2002,0,0,0
Turkmenistan,2003,0,0,0
Turkmenistan,2004,0,0,0
Turkmenistan,2005,0,0,0
Turkmenistan,2006,0,0,0
Turkmenistan,2007,0,0,0
Turkmenistan,2008,0,0,0
Turkmenistan,2009,0,0,0
Turkmenistan,2010,0.0001595,0,-0.0001595
Turkmenistan,2011,0.00045675,0,-0.00045675
Turkmenistan,2012,0.000981432,0,-0.000981432
Turkmenistan,2013,0.00184875,0,-0.00184875
Turkmenistan,2014,0.0031175,0,-0.0031175
Turkmenistan,2015,0.00522,0,-0.00522
Turkmenistan,2016,0.006979068,0,-0.006979068
Turkmenistan,2017,0.00696,0,-0.00696
Turkmenistan,2018,0.00696,0,-0.00696
Turkmenistan,2019,0.00696,0,-0.00696
Turkmenistan,2020,0.00696,0,-0.00696
Ukraine,1990,0,0,0
Ukraine,1991,0,0,0
Ukraine,1992,0,0,0
Ukraine,1993,0,0,0
Ukraine,1994,0,0,0
Ukraine,1995,0,0,0
Ukraine,1996,0,0,0
Ukraine,1997,0,0,0
Ukraine,1998,0,0,0
Ukraine,1999,0,0,0
Ukraine,2000,0,0,0
Ukraine,2001,0,0,0
Ukraine,2002,0,0,0
Ukraine,2003,0,0,0
Ukraine,2004,0,0,0
Ukraine,2005,0,0,0
Ukraine,2006,0,0,0
Ukraine,2007,0,0,0
Ukraine,2008,0,0,0
Ukraine,2009,0,0,0
Ukraine,2010,0,0,0
Ukraine,2011,0.0301,0.03,-1.00E-04
Ukraine,2012,0.3333,0.33,-0.0033
Ukraine,2013,0.57,0.57,0
Ukraine,2014,0.429,0.43,0.001
Ukraine,2015,0.4765,0.48,0.0035
Ukraine,2016,0.4908,0.49,-0.0008
Ukraine,2017,0.7217,0.74,0.018299999999999983
Ukraine,2018,1.1075,1.1,-0.0075
Ukraine,2019,2.9328,2.93,-0.0028
Ukraine,2020,6.185735955,5.97,-0.215735955
United Arab Emirates,1990,0,0,0
United Arab Emirates,1991,0,0,0
United Arab Emirates,1992,0,0,0
United Arab Emirates,1993,0,0,0
United Arab Emirates,1994,0,0,0
United Arab Emirates,1995,0,0,0
United Arab Emirates,1996,0,0,0
United Arab Emirates,1997,0,0,0
United Arab Emirates,1998,0,0,0
United Arab Emirates,1999,0,0,0
United Arab Emirates,2000,0,0,0
United Arab Emirates,2001,0,0,0
United Arab Emirates,2002,0,0,0
United Arab Emirates,2003,0,0,0
United Arab Emirates,2004,0,0,0
United Arab Emirates,2005,0,0,0
United Arab Emirates,2006,0,0,0
United Arab Emirates,2007,0,0,0
United Arab Emirates,2008,0,0,0
United Arab Emirates,2009,0.006354,0.01,0.003646
United Arab Emirates,2010,0.018424,0.02,0.001576
United Arab Emirates,2011,0.020696,0.03,0.009304
United Arab Emirates,2012,0.024242,0.04,0.015758
United Arab Emirates,2013,0.085423,0.1,0.014577000000000007
United Arab Emirates,2014,0.308431,0.3,-0.008431
United Arab Emirates,2015,0.309215,0.29,-0.019215
United Arab Emirates,2016,0.339022,0.31,-0.029022
United Arab Emirates,2017,0.785271,0.73,-0.055271
United Arab Emirates,2018,1.314084181,1.3,-0.014084181
United Arab Emirates,2019,4.168878665,3.55,-0.618878665
United Arab Emirates,2020,5.553120875,3.78,-1.773120875
United Kingdom,1990,0,0,0
United Kingdom,1991,0,0,0
United Kingdom,1992,0,0,0
United Kingdom,1993,0,0,0
United Kingdom,1994,0,0,0
United Kingdom,1995,0,0,0
United Kingdom,1996,0,0,0
United Kingdom,1997,0,0,0
United Kingdom,1998,0,0,0
United Kingdom,1999,0.001,0,-0.001
United Kingdom,2000,0.001,0,-0.001
United Kingdom,2001,0.002,0,-0.002
United Kingdom,2002,0.003,0,-0.003
United Kingdom,2003,0.003,0,-0.003
United Kingdom,2004,0.004,0,-0.004
United Kingdom,2005,0.008,0.01,0.002
United Kingdom,2006,0.011,0.01,-0.001
United Kingdom,2007,0.014,0.01,-0.004
United Kingdom,2008,0.017,0.02,0.003
United Kingdom,2009,0.020000206,0.02,-2.06E-07
United Kingdom,2010,0.0402771,0.04,-0.0002771
United Kingdom,2011,0.24366343,0.24,-0.00366343
United Kingdom,2012,1.353763587,1.35,-0.003763587
United Kingdom,2013,2.010262082,2.01,-0.000262082
United Kingdom,2014,4.054062445,4.05,-0.004062445
United Kingdom,2015,7.532864117,7.53,-0.002864117
United Kingdom,2016,10.40792816,10.4,-0.00792816
United Kingdom,2017,11.47545404,11.46,-0.01545404
United Kingdom,2018,12.7355104,12.74,0.0044896
United Kingdom,2019,12.91807017,12.92,0.00192983
United Kingdom,2020,12.80096476,13.32,0.5190352400000009
United States,1990,0.370794949,0.371,0.000205051
United States,1991,0.478252873,0.478,-0.000252873
United States,1992,0.408844477,0.409,0.000155523
United States,1993,0.475161892,0.475,-0.000161892
United States,1994,0.501872793,0.502,0.000127207
United States,1995,0.514471573,0.514,-0.000471573
United States,1996,0.541341217,0.541,-0.000341217
United States,1997,0.532695728,0.533,0.000304272
United States,1998,0.524659346,0.525,0.000340654
United States,1999,0.51834207,0.518,-0.00034207
United States,2000,0.518512654,0.49,-0.028512654
United States,2001,0.574351055,0.54,-0.034351055
United States,2002,0.601597598,0.55,-0.051597598
United States,2003,0.610654318,0.53,-0.080654318
United States,2004,0.698132438,0.58,-0.118132438
United States,2005,0.748900634,0.55,-0.198900634
United States,2006,0.824432129,0.51,-0.314432129
United States,2007,1.095410499,0.61,-0.485410499
United States,2008,1.633062564,0.86,-0.773062564
United States,2009,2.075960394,0.89,-1.185960394
United States,2010,3.013036421,1.21,-1.803036421
United States,2011,4.738904128,1.82,-2.918904128
United States,2012,9.037013756,4.33,-4.707013756
United States,2013,16.03969548,9.04,-6.99969548
United States,2014,29.21616162,28.92,-0.29616162
United States,2015,39.42626263,39.03,-0.39626263
United States,2016,55.42020202,54.87,-0.55020202
United States,2017,78.05757576,77.28,-0.77757576
United States,2018,94.30808081,93.36,-0.94808081
United States,2019,107.9737374,106.89,-1.0837374
United States,2020,133.9707071,130.72,-3.2507071
Uzbekistan,1990,0,0,0
Uzbekistan,1991,0,0,0
Uzbekistan,1992,0,0,0
Uzbekistan,1993,0,0,0
Uzbekistan,1994,0,0,0
Uzbekistan,1995,0,0,0
Uzbekistan,1996,0,0,0
Uzbekistan,1997,0,0,0
Uzbekistan,1998,0,0,0
Uzbekistan,1999,0,0,0
Uzbekistan,2000,0,0,0
Uzbekistan,2001,0,0,0
Uzbekistan,2002,0,0,0
Uzbekistan,2003,0,0,0
Uzbekistan,2004,0,0,0
Uzbekistan,2005,0,0,0
Uzbekistan,2006,0,0,0
Uzbekistan,2007,0,0,0
Uzbekistan,2008,0,0,0
Uzbekistan,2009,0,0,0
Uzbekistan,2010,0,0,0
Uzbekistan,2011,0,0,0
Uzbekistan,2012,0,0,0
Uzbekistan,2013,0,0,0
Uzbekistan,2014,0,0,0
Uzbekistan,2015,0,0,0
Uzbekistan,2016,0.0003,0,-0.0003
Uzbekistan,2017,0.0007,0.01,0.0093
Uzbekistan,2018,0.006827,0.01,0.003173
Uzbekistan,2019,0.0155,0.01,-0.0055
Uzbekistan,2020,0.0155,0.01,-0.0055
Venezuela,1990,0,0,0
Venezuela,1991,0,0,0
Venezuela,1992,0,0,0
Venezuela,1993,0,0,0
Venezuela,1994,0,0,0
Venezuela,1995,0,0,0
Venezuela,1996,0,0,0
Venezuela,1997,0,0,0
Venezuela,1998,0,0,0
Venezuela,1999,0,0,0
Venezuela,2000,0,0,0
Venezuela,2001,0,0,0
Venezuela,2002,0,0,0
Venezuela,2003,0,0,0
Venezuela,2004,0,0,0
Venezuela,2005,0,0,0
Venezuela,2006,0,0,0
Venezuela,2007,0,0,0
Venezuela,2008,0,0,0
Venezuela,2009,0,0,0
Venezuela,2010,0.00246,0,-0.00246
Venezuela,2011,0.00298,0,-0.00298
Venezuela,2012,0.00522,0,-0.00522
Venezuela,2013,0.005347317,0,-0.005347317
Venezuela,2014,0.006747805,0,-0.006747805
Venezuela,2015,0.008784878,0.01,0.001215122
Venezuela,2016,0.010035508,0.01,-3.55E-05
Venezuela,2017,0.010008089,0.01,-8.09E-06
Venezuela,2018,0.009452251,0.01,0.000547749
Venezuela,2019,0.012571494,0.01,-0.002571494
Venezuela,2020,0.012571494,0.01,-0.002571494
Vietnam,1990,0,0,0
Vietnam,1991,0,0,0
Vietnam,1992,0,0,0
Vietnam,1993,0,0,0
Vietnam,1994,0,0,0
Vietnam,1995,0,0,0
Vietnam,1996,0,0,0
Vietnam,1997,0,0,0
Vietnam,1998,0,0,0
Vietnam,1999,0,0,0
Vietnam,2000,0,0,0
Vietnam,2001,0,0,0
Vietnam,2002,0,0,0
Vietnam,2003,0,0,0
Vietnam,2004,0,0,0
Vietnam,2005,0,0,0
Vietnam,2006,0,0,0
Vietnam,2007,0,0,0
Vietnam,2008,0,0,0
Vietnam,2009,0,0,0
Vietnam,2010,0.005896,0.01,0.004104
Vietnam,2011,0.005896,0.01,0.004104
Vietnam,2012,0.005896,0.01,0.004104
Vietnam,2013,0.005896,0.01,0.004104
Vietnam,2014,0.006669,0.01,0.003331
Vietnam,2015,0.006669,0.01,0.003331
Vietnam,2016,0.006669,0.01,0.003331
Vietnam,2017,0.009371,0.01,0.000629
Vietnam,2018,0.113493222,0.02,-0.093493222
Vietnam,2019,4.117189064,4.82,0.7028109360000006
Vietnam,2020,9.452731141,4.9,-4.552731141
Western Africa,1990,0,0,0
Western Africa,1991,0,0,0
Western Africa,1992,0,0,0
Western Africa,1993,0,0,0
Western Africa,1994,0,0,0
Western Africa,1995,0,0,0
Western Africa,1996,0,0,0
Western Africa,1997,0,0,0
Western Africa,1998,0,0,0
Western Africa,1999,0,0,0
Western Africa,2000,0.002441,0.002,-0.000441
Western Africa,2001,0.003038,0.003,-3.80E-05
Western Africa,2002,0.003618,0.004,0.000382
Western Africa,2003,0.005076,0.005,-7.60E-05
Western Africa,2004,0.006592,0.007,0.000408
Western Africa,2005,0.008012,0.008,-1.20E-05
Western Africa,2006,0.009929,0.01,7.099999999999988e-05
Western Africa,2007,0.012433,0.012,-0.000433
Western Africa,2008,0.014284,0.014,-0.000284
Western Africa,2009,0.016397,0.016,-0.000397
Western Africa,2010,0.02653,0.027,0.00047
Western Africa,2011,0.043371,0.043,-0.000371
Western Africa,2012,0.078659,0.079,0.000341
Western Africa,2013,0.115895999,0.116,0.000104001
Western Africa,2014,0.129648803,0.13,0.000351197
Western Africa,2015,0.155279773,0.155,-0.000279773
Western Africa,2016,0.252870514,0.253,0.000129486
Western Africa,2017,0.308258276,0.308,-0.000258276
Western Africa,2018,0.554537113,0.555,0.000462887
Western Africa,2019,0.591219308,0.591,-0.000219308
Western Africa,2020,0.680424588,0.68,-0.000424588
World,1990,0.388294949,0.388,-0.000294949
World,1991,0.505202873,0.505,-0.000202873
World,1992,0.468585109,0.469,0.000414891
World,1993,0.556697524,0.557,0.000302476
World,1994,0.600013925,0.6,-1.39E-05
World,1995,0.640813779,0.641,0.000186221
World,1996,0.705207972,0.705,-0.000207972
World,1997,0.756584792,0.757,0.000415208
World,1998,0.831788965,0.832,0.000211035
World,1999,0.916196899,0.916,-0.000196899
World,2000,1.118970397,1.08,-0.038970397
World,2001,1.399285679,1.35,-0.049285679
World,2002,1.762091131,1.69,-0.072091131
World,2003,2.256373155,2.07,-0.186373155
World,2004,2.972715218,2.71,-0.262715218
World,2005,4.163299658,3.78,-0.383299658
World,2006,5.718888865,5.11,-0.608888865
World,2007,7.758600806,6.94,-0.818600806
World,2008,12.60845712,11.38,-1.22845712
World,2009,20.94134725,19.21,-1.73134725
World,2010,33.67196563,31.08,-2.59196563
World,2011,65.17952368,61.93,-3.24952368
World,2012,101.1563675,95.43,-5.7263675
World,2013,138.9366135,131.45,-7.4866135
World,2014,197.7600477,195.9,-1.8600477
World,2015,256.3559999,254.23,-2.1259999
World,2016,328.3852083,328.48,0.0947917
World,2017,446.0541642,443.29,-2.7641642
World,2018,576.9512475,567.8,-9.1512475
World,2019,707.9184953,694.5,-13.4184953
World,2020,855.7246897,834.63,-21.0946897
