country,Year,Wind_consumption,Wind_generation,Wind_diffrence
Africa,2000,0.1755,0.23,0.0545
Africa,2001,0.41558,0.46,0.044420000000000015
Africa,2002,0.443584,0.43,-0.013584
Africa,2003,0.535599,0.61,0.074401
Africa,2004,0.768280505,0.78,0.011719495000000024
Africa,2005,0.780382111,0.83,0.049617889
Africa,2006,0.852565606,0.87,0.017434394
Africa,2007,1.016223364,1.18,0.16377663599999992
Africa,2008,1.311778131,1.29,-0.021778131
Africa,2009,1.589230939,1.7,0.11076906100000006
Africa,2010,2.284582434,2.37,0.085417566
Africa,2011,2.386503939,2.43,0.043496061
Africa,2012,2.51563024,2.37,-0.14563024
Africa,2013,3.593447303,3.55,-0.043447303
Africa,2014,5.060072834,5.59,0.5299271660000002
Africa,2015,8.910686283,8.58,-0.330686283
Africa,2016,11.17637067,10.47,-0.70637067
Africa,2017,12.4577741,11.54,-0.9177741
Africa,2018,14.77072335,15.73,0.9592766499999996
Africa,2019,18.85772913,17.47,-1.38772913
Africa,2020,21.78984307,17,-4.78984307
Algeria,1990,0,0,0
Algeria,1991,0,0,0
Algeria,1992,0,0,0
Algeria,1993,0,0,0
Algeria,1994,0,0,0
Algeria,1995,0,0,0
Algeria,1996,0,0,0
Algeria,1997,0,0,0
Algeria,1998,0,0,0
Algeria,1999,0,0,0
Algeria,2000,0,0,0
Algeria,2001,0,0,0
Algeria,2002,0,0,0
Algeria,2003,0,0,0
Algeria,2004,0,0,0
Algeria,2005,0,0,0
Algeria,2006,0,0,0
Algeria,2007,0,0,0
Algeria,2008,0,0,0
Algeria,2009,0,0,0
Algeria,2010,0,0,0
Algeria,2011,0,0,0
Algeria,2012,0,0,0
Algeria,2013,0,0,0
Algeria,2014,0.001,0,-0.001
Algeria,2015,0.019,0.02,0.001
Algeria,2016,0.019052055,0.03,0.010947945
Algeria,2017,0.019,0.01,-0.009
Algeria,2018,0.01,0.01,0
Algeria,2019,0.01,0.01,0
Algeria,2020,0.008,0.01,0.002
Argentina,1990,0,0,0
Argentina,1991,0,0,0
Argentina,1992,0,0,0
Argentina,1993,0,0,0
Argentina,1994,0,0,0
Argentina,1995,0,0,0
Argentina,1996,0.009618,0.01,0.000382
Argentina,1997,0.014592,0.015,0.000408
Argentina,1998,0.032541,0.033,0.000459
Argentina,1999,0.034781,0.035,0.000219
Argentina,2000,0.034758,0.04,0.005242
Argentina,2001,0.049361,0.05,0.000639
Argentina,2002,0.073405,0.07,-0.003405
Argentina,2003,0.077954,0.08,0.002046
Argentina,2004,0.072446,0.07,-0.002446
Argentina,2005,0.071719665,0.08,0.008280335
Argentina,2006,0.06964,0.07,0.00036
Argentina,2007,0.061593,0.06,-0.001593
Argentina,2008,0.041951078,0.04,-0.001951078
Argentina,2009,0.036831529,0.04,0.003168471
Argentina,2010,0.025351606,0.03,0.004648394
Argentina,2011,0.02659055,0.06,0.03340945
Argentina,2012,0.369861999,0.82,0.45013800099999995
Argentina,2013,0.453354876,1.01,0.556645124
Argentina,2014,0.619491,0.62,0.000509
Argentina,2015,0.593334963,0.59,-0.003334963
Argentina,2016,0.547359,0.55,0.002641
Argentina,2017,0.611567,0.61,-0.001567
Argentina,2018,1.412743,1.41,-0.002743
Argentina,2019,4.995966424,5,0.004033576
Argentina,2020,9.470297617,9.41,-0.060297617
Asia Pacific,1990,0.032323232,0.032,-0.000323232
Asia Pacific,1991,0.122000909,0.122,-9.09E-07
Asia Pacific,1992,0.22047404,0.22,-0.00047404
Asia Pacific,1993,0.311836667,0.312,0.000163333
Asia Pacific,1994,0.583588081,0.584,0.000411919
Asia Pacific,1995,1.121601313,1.122,0.000398687
Asia Pacific,1996,0.991205066,0.991,-0.000205066
Asia Pacific,1997,1.213950041,1.214,4.995900000004383e-05
Asia Pacific,1998,1.489550167,1.49,0.000449833
Asia Pacific,1999,2.053249006,2.053,-0.000249006
Asia Pacific,2000,2.56394698,2.564,5.3020000000181255e-05
Asia Pacific,2001,3.517409418,3.517,-0.000409418
Asia Pacific,2002,4.067013247,4.067,-1.32E-05
Asia Pacific,2003,5.340875855,5.341,0.000124145
Asia Pacific,2004,9.1866934,9.187,0.0003066
Asia Pacific,2005,12.01919361,12.019,-0.00019361
Asia Pacific,2006,18.56980713,18.57,0.00019287
Asia Pacific,2007,24.60313141,24.603,-0.00013141
Asia Pacific,2008,36.0798946,36.08,0.0001054
Asia Pacific,2009,54.84797828,54.848,2.1719999999447737e-05
Asia Pacific,2010,81.48419655,81.484,-0.00019655
Asia Pacific,2011,113.5510876,113.551,-8.76E-05
Asia Pacific,2012,147.7235801,147.724,0.0004199
Asia Pacific,2013,188.4721434,188.472,-0.0001434
Asia Pacific,2014,214.2726871,214.273,0.0003129
Asia Pacific,2015,243.0600532,243.06,-5.32E-05
Asia Pacific,2016,311.2076135,311.208,0.0003865
Asia Pacific,2017,387.0977782,387.098,0.0002218
Asia Pacific,2018,461.9517581,461.952,0.0002419
Asia Pacific,2019,509.3683071,509.368,-0.0003071
Asia Pacific,2020,572.6361061,572.636,-0.0001061
Australia,1990,0,0,0
Australia,1991,0,0,0
Australia,1992,0,0,0
Australia,1993,0.002,0.002,0
Australia,1994,0.0055,0.006,0.0005
Australia,1995,0.007,0.007,0
Australia,1996,0.007,0.007,0
Australia,1997,0.0075,0.008,0.0005
Australia,1998,0.018,0.018,0
Australia,1999,0.043,0.043,0
Australia,2000,0.134,0.06,-0.074
Australia,2001,0.287,0.21,-0.077
Australia,2002,0.53355,0.36,-0.17355
Australia,2003,0.70405,0.7,-0.00405
Australia,2004,0.795,0.7,-0.095
Australia,2005,1.29905,0.88,-0.41905
Australia,2006,2.1621,1.71,-0.4521
Australia,2007,2.8521,2.61,-0.2421
Australia,2008,3.45845,3.09,-0.36845
Australia,2009,4.43775,3.81,-0.62775
Australia,2010,4.985,5.05,0.065
Australia,2011,6.432,6.09,-0.342
Australia,2012,7.725,6.97,-0.755
Australia,2013,9.259,7.96,-1.299
Australia,2014,9.777,10.25,0.47300000000000075
Australia,2015,11.83300209,11.47,-0.36300209
Australia,2016,13.03970488,12.2,-0.83970488
Australia,2017,13.21079043,12.6,-0.61079043
Australia,2018,16.26195432,15.16,-1.10195432
Australia,2019,19.47168808,17.71,-1.76168808
Australia,2020,22.6068918,20.4,-2.2068918
Austria,1990,0,0,0
Austria,1991,0,0,0
Austria,1992,0,0,0
Austria,1993,0,0,0
Austria,1994,0,0,0
Austria,1995,0.001,0,-0.001
Austria,1996,0.005,0,-0.005
Austria,1997,0.02,0.02,0
Austria,1998,0.045,0.05,0.005
Austria,1999,0.051,0.05,-0.001
Austria,2000,0.067,0.07,0.003
Austria,2001,0.172,0.1,-0.072
Austria,2002,0.203,0.14,-0.063
Austria,2003,0.366,0.37,0.004
Austria,2004,0.924,0.93,0.006
Austria,2005,1.331276757,1.33,-0.001276757
Austria,2006,1.752792984,1.75,-0.002792984
Austria,2007,2.037184927,2.04,0.002815073
Austria,2008,2.011257409,2.01,-0.001257409
Austria,2009,1.954040168,1.95,-0.004040168
Austria,2010,2.063913736,2.06,-0.003913736
Austria,2011,1.93623636,1.94,0.00376364
Austria,2012,2.462029019,2.46,-0.002029019
Austria,2013,3.153231562,3.15,-0.003231562
Austria,2014,3.845768035,3.85,0.004231965
Austria,2015,4.840343102,4.84,-0.000343102
Austria,2016,5.234838273,5.23,-0.004838273
Austria,2017,6.571511136,6.57,-0.001511136
Austria,2018,6.030429449,6.03,-0.000429449
Austria,2019,7.477363299,7.45,-0.027363299
Austria,2020,6.794140175,6.79,-0.004140175
Azerbaijan,1990,0,0,0
Azerbaijan,1991,0,0,0
Azerbaijan,1992,0,0,0
Azerbaijan,1993,0,0,0
Azerbaijan,1994,0,0,0
Azerbaijan,1995,0,0,0
Azerbaijan,1996,0,0,0
Azerbaijan,1997,0,0,0
Azerbaijan,1998,0,0,0
Azerbaijan,1999,0,0,0
Azerbaijan,2000,0,0,0
Azerbaijan,2001,0,0,0
Azerbaijan,2002,0,0,0
Azerbaijan,2003,0,0,0
Azerbaijan,2004,0,0,0
Azerbaijan,2005,0,0,0
Azerbaijan,2006,0,0,0
Azerbaijan,2007,0,0,0
Azerbaijan,2008,0,0,0
Azerbaijan,2009,0.0021,0,-0.0021
Azerbaijan,2010,0.0005,0,-0.0005
Azerbaijan,2011,0,0,0
Azerbaijan,2012,0,0,0
Azerbaijan,2013,0.0008,0,-0.0008
Azerbaijan,2014,0.0023,0,-0.0023
Azerbaijan,2015,0.0046,0,-0.0046
Azerbaijan,2016,0.0228,0.02,-0.0028
Azerbaijan,2017,0.0221,0.02,-0.0021
Azerbaijan,2018,0.0827,0.08,-0.0027
Azerbaijan,2019,0.1054,0.1,-0.0054
Azerbaijan,2020,0.0951,0.1,0.0049
Bangladesh,1990,0,0,0
Bangladesh,1991,0,0,0
Bangladesh,1992,0,0,0
Bangladesh,1993,0,0,0
Bangladesh,1994,0,0,0
Bangladesh,1995,0,0,0
Bangladesh,1996,0,0,0
Bangladesh,1997,0,0,0
Bangladesh,1998,0,0,0
Bangladesh,1999,0,0,0
Bangladesh,2000,0,0,0
Bangladesh,2001,0,0,0
Bangladesh,2002,0,0,0
Bangladesh,2003,0,0,0
Bangladesh,2004,0,0,0
Bangladesh,2005,0,0,0
Bangladesh,2006,0.0016,0,-0.0016
Bangladesh,2007,0.0016,0,-0.0016
Bangladesh,2008,0.0029,0,-0.0029
Bangladesh,2009,0.0051,0,-0.0051
Bangladesh,2010,0.0051,0,-0.0051
Bangladesh,2011,0.0051,0,-0.0051
Bangladesh,2012,0.0051,0,-0.0051
Bangladesh,2013,0.005081,0,-0.005081
Bangladesh,2014,0.005081,0,-0.005081
Bangladesh,2015,0.005081,0.01,0.004919
Bangladesh,2016,0.005081,0.01,0.004919
Bangladesh,2017,0.005081,0.01,0.004919
Bangladesh,2018,0.005081,0.01,0.004919
Bangladesh,2019,0.005081,0.01,0.004919
Bangladesh,2020,0.005081,0.01,0.004919
Belarus,1990,0,0,0
Belarus,1991,0,0,0
Belarus,1992,0,0,0
Belarus,1993,0,0,0
Belarus,1994,0,0,0
Belarus,1995,0,0,0
Belarus,1996,0,0,0
Belarus,1997,0,0,0
Belarus,1998,0,0,0
Belarus,1999,0,0,0
Belarus,2000,0,0,0
Belarus,2001,0,0,0
Belarus,2002,0,0,0
Belarus,2003,0,0,0
Belarus,2004,0.001010101,0,-0.001010101
Belarus,2005,0.001,0,-0.001
Belarus,2006,0.001,0,-0.001
Belarus,2007,0.001,0,-0.001
Belarus,2008,0.001,0,-0.001
Belarus,2009,0.001,0,-0.001
Belarus,2010,0.001,0,-0.001
Belarus,2011,0.004,0,-0.004
Belarus,2012,0.006,0.01,0.004
Belarus,2013,0.008,0.01,0.002
Belarus,2014,0.009,0.01,0.001
Belarus,2015,0.039,0.03,-0.009
Belarus,2016,0.073,0.08,0.007
Belarus,2017,0.097,0.1,0.003
Belarus,2018,0.099,0.1,0.001
Belarus,2019,0.166,0.18,0.013999999999999985
Belarus,2020,0.183883978,0.19,0.006116022
Belgium,1990,0.007,0.01,0.003
Belgium,1991,0.008,0.01,0.002
Belgium,1992,0.009,0.01,0.001
Belgium,1993,0.008,0.01,0.002
Belgium,1994,0.009,0.01,0.001
Belgium,1995,0.009,0.01,0.001
Belgium,1996,0.008,0.01,0.002
Belgium,1997,0.008,0.01,0.002
Belgium,1998,0.011,0.01,-0.001
Belgium,1999,0.013,0.01,-0.003
Belgium,2000,0.016,0.02,0.004
Belgium,2001,0.037,0.04,0.003
Belgium,2002,0.057,0.06,0.003
Belgium,2003,0.088,0.09,0.002
Belgium,2004,0.142,0.14,-0.002
Belgium,2005,0.227,0.23,0.003
Belgium,2006,0.366,0.37,0.004
Belgium,2007,0.491,0.49,-0.001
Belgium,2008,0.637,0.64,0.003
Belgium,2009,0.996,1,0.004
Belgium,2010,1.292,1.29,-0.002
Belgium,2011,2.312,2.31,-0.002
Belgium,2012,2.751,2.75,-0.001
Belgium,2013,3.665,3.66,-0.005
Belgium,2014,4.6153,4.62,0.0047
Belgium,2015,5.574,5.57,-0.004
Belgium,2016,5.4377,5.42,-0.0177
Belgium,2017,6.5137,6.52,0.0063
Belgium,2018,7.4647,7.57,0.10530000000000062
Belgium,2019,9.7256,9.75,0.024399999999999977
Belgium,2020,13.03086657,12.76,-0.27086657
Brazil,1990,0,0,0
Brazil,1991,0,0,0
Brazil,1992,0,0,0
Brazil,1993,0,0,0
Brazil,1994,0,0,0
Brazil,1995,0,0,0
Brazil,1996,0.002,0.002,0
Brazil,1997,0.004,0.004,0
Brazil,1998,0.005,0.005,0
Brazil,1999,0.002,0.002,0
Brazil,2000,0.001,0,-0.001
Brazil,2001,0.0349,0.04,0.0051
Brazil,2002,0.061,0.06,-0.001
Brazil,2003,0.061,0.06,-0.001
Brazil,2004,0.061,0.06,-0.001
Brazil,2005,0.0929,0.09,-0.0029
Brazil,2006,0.237,0.24,0.003
Brazil,2007,0.662781836,0.64,-0.022781836
Brazil,2008,1.183,0.84,-0.343
Brazil,2009,1.238,1.24,0.002
Brazil,2010,2.176558,2.18,0.003442
Brazil,2011,2.704769,2.7,-0.004769
Brazil,2012,5.05,5.05,0
Brazil,2013,6.575862737,6.58,0.004137263
Brazil,2014,12.21025167,12.21,-0.00025167
Brazil,2015,21.62570216,21.63,0.00429784
Brazil,2016,33.488872,33.49,0.001128
Brazil,2017,42.37325825,42.37,-0.00325825
Brazil,2018,48.47514121,48.47,-0.00514121
Brazil,2019,55.98562168,55.99,0.00437832
Brazil,2020,57.01361507,57.05,0.036384929999996984
Bulgaria,1990,0,0,0
Bulgaria,1991,0,0,0
Bulgaria,1992,0,0,0
Bulgaria,1993,0,0,0
Bulgaria,1994,0,0,0
Bulgaria,1995,0,0,0
Bulgaria,1996,0,0,0
Bulgaria,1997,0,0,0
Bulgaria,1998,0,0,0
Bulgaria,1999,0,0,0
Bulgaria,2000,0,0,0
Bulgaria,2001,0,0,0
Bulgaria,2002,0,0,0
Bulgaria,2003,0,0,0
Bulgaria,2004,0.001,0,-0.001
Bulgaria,2005,0.005,0,-0.005
Bulgaria,2006,0.02,0.02,0
Bulgaria,2007,0.047,0.05,0.003
Bulgaria,2008,0.122,0.12,-0.002
Bulgaria,2009,0.237,0.24,0.003
Bulgaria,2010,0.681,0.68,-0.001
Bulgaria,2011,0.861,0.86,-0.001
Bulgaria,2012,1.221,1.22,-0.001
Bulgaria,2013,1.374,1.37,-0.004
Bulgaria,2014,1.331,1.33,-0.001
Bulgaria,2015,1.452,1.45,-0.002
Bulgaria,2016,1.425,1.42,-0.005
Bulgaria,2017,1.504064,1.5,-0.004064
Bulgaria,2018,1.318123,1.32,0.001877
Bulgaria,2019,1.317,1.32,0.003
Bulgaria,2020,1.47723988,1.48,0.00276012
CIS,1990,0,0,0
CIS,1991,0,0,0
CIS,1992,0,0,0
CIS,1993,0,0,0
CIS,1994,0,0,0
CIS,1995,0,0,0
CIS,1996,0,0,0
CIS,1997,0,0,0
CIS,1998,0,0,0
CIS,1999,0,0,0
CIS,2000,0.0019,0.002,0.0001
CIS,2001,0.0031,0.003,-1.00E-04
CIS,2002,0.0062,0.006,-0.0002
CIS,2003,0.0086,0.009,0.0004
CIS,2004,0.008010101,0.008,-1.01E-05
CIS,2005,0.0078,0.008,0.0002
CIS,2006,0.0088,0.009,0.0002
CIS,2007,0.0105,0.01,-0.0005
CIS,2008,0.0081,0.008,-1.00E-04
CIS,2009,0.0112,0.011,-0.0002
CIS,2010,0.009786,0.01,0.000214
CIS,2011,0.012539,0.013,0.000461
CIS,2012,0.018116,0.018,-0.000116
CIS,2013,0.0211217,0.021,-0.0001217
CIS,2014,0.1256712,0.126,0.0003288
CIS,2015,0.3290593,0.329,-5.93E-05
CIS,2016,0.5239033,0.524,9.670000000006063e-05
CIS,2017,0.6069637,0.607,3.629999999998912e-05
CIS,2018,0.8290751,0.829,-7.51E-05
CIS,2019,1.3396434,1.34,0.0003566
CIS,2020,2.598588621,2.599,0.000411379
Canada,1990,0.001919192,0.002,8.080800000000014e-05
Canada,1991,0.001919192,0.002,8.080800000000014e-05
Canada,1992,0.059,0.059,0
Canada,1993,0.059,0.059,0
Canada,1994,0.059,0.059,0
Canada,1995,0.059,0.059,0
Canada,1996,0.062,0.062,0
Canada,1997,0.062,0.062,0
Canada,1998,0.062,0.062,0
Canada,1999,0.162,0.162,0
Canada,2000,0.264,0.26,-0.004
Canada,2001,0.329,0.34,0.011
Canada,2002,0.405,0.41,0.005
Canada,2003,0.69,0.83,0.14
Canada,2004,0.945,0.95,0.005
Canada,2005,1.552,1.57,0.018000000000000016
Canada,2006,2.448,2.47,0.022
Canada,2007,2.977206,3.01,0.032794
Canada,2008,3.788514141,3.79,0.001485859
Canada,2009,6.641651515,6.64,-0.001651515
Canada,2010,8.724191919,8.72,-0.004191919
Canada,2011,10.18857374,10.19,0.00142626
Canada,2012,11.31148788,11.31,-0.00148788
Canada,2013,11.14544343,18.09,6.94455657
Canada,2014,12.8170697,22.54,9.7229303
Canada,2015,26.96639091,26.96,-0.00639091
Canada,2016,30.93311717,30.93,-0.00311717
Canada,2017,31.51361515,31.51,-0.00361515
Canada,2018,33.14446566,33.18,0.03553434
Canada,2019,32.6596697,32.66,0.0003303
Canada,2020,36.10247467,36.1,-0.00247467
Chile,1990,0,0,0
Chile,1991,0,0,0
Chile,1992,0,0,0
Chile,1993,0,0,0
Chile,1994,0,0,0
Chile,1995,0,0,0
Chile,1996,0,0,0
Chile,1997,0,0,0
Chile,1998,0,0,0
Chile,1999,0,0,0
Chile,2000,0,0,0
Chile,2001,0.007,0.01,0.003
Chile,2002,0.007,0.01,0.003
Chile,2003,0.007,0.01,0.003
Chile,2004,0.005,0.01,0.005
Chile,2005,0.007,0.01,0.003
Chile,2006,0.007,0.01,0.003
Chile,2007,0.0112,0.01,-0.0012
Chile,2008,0.03812314,0.04,0.00187686
Chile,2009,0.07901422,0.08,0.00098578
Chile,2010,0.32532599,0.33,0.00467401
Chile,2011,0.33759564,0.34,0.00240436
Chile,2012,0.40838745,0.41,0.00161255
Chile,2013,0.545075566,0.55,0.004924434
Chile,2014,1.44312018,1.44,-0.00312018
Chile,2015,2.11464801,2.12,0.00535199
Chile,2016,2.451839459,2.45,-0.001839459
Chile,2017,3.625559357,3.52,-0.105559357
Chile,2018,3.587894717,3.59,0.002105283
Chile,2019,4.895221294,4.9,0.004778706
Chile,2020,5.625540663,5.52,-0.105540663
China,1990,0.002020202,0.002,-2.02E-05
China,1991,0.009090909,0.009,-9.09E-05
China,1992,0.131313131,0.131,-0.000313131
China,1993,0.212121212,0.212,-0.000121212
China,1994,0.383838384,0.384,0.000161616
China,1995,0.616161616,0.616,-0.000161616
China,1996,0.093939394,0.094,6.060600000000471e-05
China,1997,0.197979798,0.198,2.0201999999996945e-05
China,1998,0.355555556,0.356,0.000444444
China,1999,0.473737374,0.474,0.000262626
China,2000,0.58989899,0.59,0.00010101
China,2001,0.719191919,0.72,0.000808081
China,2002,0.837373737,0.84,0.002626263
China,2003,0.996969697,1,0.003030303
China,2004,1.277777778,1.28,0.002222222
China,2005,1.946060606,1.95,0.003939394
China,2006,3.711818182,3.71,-0.001818182
China,2007,5.479292929,5.48,0.000707071
China,2008,13.1,13.1,0
China,2009,27.61499783,27.61,-0.00499783
China,2010,49.39962,49.4,0.00038
China,2011,74.1,74.1,0
China,2012,103.0499065,103.05,9.349999999130887e-05
China,2013,138.2641332,138.26,-0.0041332
China,2014,159.7627,159.76,-0.0027
China,2015,185.59144,185.59,-0.00144
China,2016,240.8605,240.86,-0.0005
China,2017,304.6,304.6,0
China,2018,365.8,365.8,0
China,2019,405.3,405.3,0
China,2020,466.5,466.5,0
Colombia,1990,0,0,0
Colombia,1991,0,0,0
Colombia,1992,0,0,0
Colombia,1993,0,0,0
Colombia,1994,0,0,0
Colombia,1995,0,0,0
Colombia,1996,0,0,0
Colombia,1997,0,0,0
Colombia,1998,0,0,0
Colombia,1999,0,0,0
Colombia,2000,0,0,0
Colombia,2001,0,0,0
Colombia,2002,0,0,0
Colombia,2003,0,0,0
Colombia,2004,0.05199,0.05,-0.00199
Colombia,2005,0.04948,0.05,0.00052
Colombia,2006,0.062981393,0.06,-0.002981393
Colombia,2007,0.049890975,0.05,0.000109025
Colombia,2008,0.053918167,0.05,-0.003918167
Colombia,2009,0.057707814,0.06,0.002292186
Colombia,2010,0.03856992,0.04,0.00143008
Colombia,2011,0.041271945,0.04,-0.001271945
Colombia,2012,0.054854711,0.05,-0.004854711
Colombia,2013,0.057624803,0.06,0.002375197
Colombia,2014,0.070230298,0.07,-0.000230298
Colombia,2015,0.068377448,0.07,0.001622552
Colombia,2016,0.050887341,0.05,-0.000887341
Colombia,2017,0.003071419,0,-0.003071419
Colombia,2018,0.055437176,0.04,-0.015437176
Colombia,2019,0.063324063,0.06,-0.003324063
Colombia,2020,0.029023529,0.06,0.030976471
Croatia,1990,0,0,0
Croatia,1991,0,0,0
Croatia,1992,0,0,0
Croatia,1993,0,0,0
Croatia,1994,0,0,0
Croatia,1995,0,0,0
Croatia,1996,0,0,0
Croatia,1997,0,0,0
Croatia,1998,0,0,0
Croatia,1999,0,0,0
Croatia,2000,0,0,0
Croatia,2001,0,0,0
Croatia,2002,0,0,0
Croatia,2003,0,0,0
Croatia,2004,0.002,0,-0.002
Croatia,2005,0.01,0.01,0
Croatia,2006,0.019,0.02,0.001
Croatia,2007,0.035,0.03,-0.005
Croatia,2008,0.04,0.04,0
Croatia,2009,0.054,0.05,-0.004
Croatia,2010,0.139,0.14,0.001
Croatia,2011,0.201,0.2,-0.001
Croatia,2012,0.329,0.33,0.001
Croatia,2013,0.517,0.52,0.003
Croatia,2014,0.73,0.73,0
Croatia,2015,0.796,0.8,0.004
Croatia,2016,1.014,1.01,-0.004
Croatia,2017,1.204,1.2,-0.004
Croatia,2018,1.3354,1.34,0.0046
Croatia,2019,1.4673,1.47,0.0027
Croatia,2020,1.732291574,1.72,-0.012291574
Cyprus,1990,0,0,0
Cyprus,1991,0,0,0
Cyprus,1992,0,0,0
Cyprus,1993,0,0,0
Cyprus,1994,0,0,0
Cyprus,1995,0,0,0
Cyprus,1996,0,0,0
Cyprus,1997,0,0,0
Cyprus,1998,0,0,0
Cyprus,1999,0,0,0
Cyprus,2000,0,0,0
Cyprus,2001,0,0,0
Cyprus,2002,0,0,0
Cyprus,2003,0,0,0
Cyprus,2004,0.000355,0,-0.000355
Cyprus,2005,0.000355,0,-0.000355
Cyprus,2006,0.000355,0,-0.000355
Cyprus,2007,0.000356,0,-0.000356
Cyprus,2008,0.000356,0,-0.000356
Cyprus,2009,0.000356,0,-0.000356
Cyprus,2010,0.031,0.03,-0.001
Cyprus,2011,0.114,0.11,-0.004
Cyprus,2012,0.185,0.19,0.005
Cyprus,2013,0.231,0.23,-0.001
Cyprus,2014,0.1839,0.18,-0.0039
Cyprus,2015,0.221857,0.22,-0.001857
Cyprus,2016,0.226701,0.23,0.003299
Cyprus,2017,0.21145,0.21,-0.00145
Cyprus,2018,0.22061,0.22,-0.00061
Cyprus,2019,0.238565,0.24,0.001435
Cyprus,2020,0.239983,0.24,1.6999999999989246e-05
Czechia,1990,0,0,0
Czechia,1991,0,0,0
Czechia,1992,0,0,0
Czechia,1993,0,0,0
Czechia,1994,0,0,0
Czechia,1995,0,0,0
Czechia,1996,0,0,0
Czechia,1997,0,0,0
Czechia,1998,0,0,0
Czechia,1999,0,0,0
Czechia,2000,0,0,0
Czechia,2001,0.0002,0,-0.0002
Czechia,2002,0.0016,0,-0.0016
Czechia,2003,0.0039,0,-0.0039
Czechia,2004,0.0099,0.01,9.99999999999994e-05
Czechia,2005,0.02128,0.02,-0.00128
Czechia,2006,0.049375,0.05,0.000625
Czechia,2007,0.125098,0.13,0.004902
Czechia,2008,0.244661,0.24,-0.004661
Czechia,2009,0.288067,0.29,0.001933
Czechia,2010,0.335493,0.34,0.004507
Czechia,2011,0.3968,0.4,0.0032
Czechia,2012,0.4173,0.42,0.0027
Czechia,2013,0.4783,0.48,0.0017
Czechia,2014,0.4765,0.48,0.0035
Czechia,2015,0.5726,0.57,-0.0026
Czechia,2016,0.497,0.5,0.003
Czechia,2017,0.591038,0.59,-0.001038
Czechia,2018,0.60933,0.61,0.00067
Czechia,2019,0.7,0.7,0
Czechia,2020,0.6991,0.7,0.0009
Denmark,1990,0.6103,0.61,-0.0003
Denmark,1991,0.7401,0.74,-1.00E-04
Denmark,1992,0.9154,0.92,0.0046
Denmark,1993,1.0342,1.03,-0.0042
Denmark,1994,1.137,1.14,0.003
Denmark,1995,1.1773,1.18,0.0027
Denmark,1996,1.2269,1.23,0.0031
Denmark,1997,1.9342,1.93,-0.0042
Denmark,1998,2.8199,2.82,9.999999999976694e-05
Denmark,1999,3.029,3.03,0.001
Denmark,2000,4.2412,4.24,-0.0012
Denmark,2001,4.306019444,4.31,0.003980556
Denmark,2002,4.876938889,4.88,0.003061111
Denmark,2003,5.560783333,5.56,-0.000783333
Denmark,2004,6.583111111,6.58,-0.003111111
Denmark,2005,6.614,6.61,-0.004
Denmark,2006,6.107958333,6.11,0.002041667
Denmark,2007,7.1712,7.17,-0.0012
Denmark,2008,6.9278,6.93,0.0022
Denmark,2009,6.7205,6.72,-0.0005
Denmark,2010,7.809422222,7.81,0.000577778
Denmark,2011,9.774183333,9.77,-0.004183333
Denmark,2012,10.26993889,10.27,6.110999999897615e-05
Denmark,2013,11.123275,11.12,-0.003275
Denmark,2014,13.07850278,13.08,0.00149722
Denmark,2015,14.13309167,14.13,-0.00309167
Denmark,2016,12.78173056,12.78,-0.00173056
Denmark,2017,14.78,14.78,0
Denmark,2018,13.90195556,13.9,-0.00195556
Denmark,2019,16.14983333,16.15,0.00016667
Denmark,2020,16.35334961,16.33,-0.02334961
Eastern Africa,1990,0,0,0
Eastern Africa,1991,0,0,0
Eastern Africa,1992,0,0,0
Eastern Africa,1993,0,0,0
Eastern Africa,1994,0,0,0
Eastern Africa,1995,0,0,0
Eastern Africa,1996,0,0,0
Eastern Africa,1997,0,0,0
Eastern Africa,1998,0,0,0
Eastern Africa,1999,0,0,0
Eastern Africa,2000,0.0001,0,-0.0001
Eastern Africa,2001,0,0,0
Eastern Africa,2002,0.0003,0,-0.0003
Eastern Africa,2003,0.0004,0,-0.0004
Eastern Africa,2004,0.0009,0.001,0.0001
Eastern Africa,2005,0.0013,0.001,-0.0003
Eastern Africa,2006,0.0048,0.005,0.0002
Eastern Africa,2007,0.011,0.011,0
Eastern Africa,2008,0.01607,0.016,-7.00E-05
Eastern Africa,2009,0.0267,0.027,0.0003
Eastern Africa,2010,0.03821,0.038,-0.00021
Eastern Africa,2011,0.03413,0.034,-0.00013
Eastern Africa,2012,0.1539782,0.154,2.1799999999988495e-05
Eastern Africa,2013,0.3147111,0.315,0.0002889
Eastern Africa,2014,0.4413035,0.441,-0.0003035
Eastern Africa,2015,0.7777217,0.778,0.0002783
Eastern Africa,2016,0.8899006,0.89,9.939999999997173e-05
Eastern Africa,2017,0.79209496,0.792,-9.50E-05
Eastern Africa,2018,0.864147502,0.864,-0.000147502
Eastern Africa,2019,2.224915976,2.225,8.402399999996035e-05
Eastern Africa,2020,1.968271418,1.968,-0.000271418
Ecuador,1990,0,0,0
Ecuador,1991,0,0,0
Ecuador,1992,0,0,0
Ecuador,1993,0,0,0
Ecuador,1994,0,0,0
Ecuador,1995,0,0,0
Ecuador,1996,0,0,0
Ecuador,1997,0,0,0
Ecuador,1998,0,0,0
Ecuador,1999,0,0,0
Ecuador,2000,0,0,0
Ecuador,2001,0,0,0
Ecuador,2002,0,0,0
Ecuador,2003,0,0,0
Ecuador,2004,0,0,0
Ecuador,2005,0,0,0
Ecuador,2006,0,0,0
Ecuador,2007,0.000962135,0,-0.000962135
Ecuador,2008,0.002682461,0,-0.002682461
Ecuador,2009,0.003204417,0,-0.003204417
Ecuador,2010,0.00343485,0,-0.00343485
Ecuador,2011,0.00334467,0,-0.00334467
Ecuador,2012,0.002398368,0,-0.002398368
Ecuador,2013,0.056702975,0.06,0.003297025
Ecuador,2014,0.079742467,0.08,0.000257533
Ecuador,2015,0.098806317,0.1,0.001193683
Ecuador,2016,0.08395875,0.08,-0.00395875
Ecuador,2017,0.0734,0.07,-0.0034
Ecuador,2018,0.080257771,0.08,-0.000257771
Ecuador,2019,0.085526937,0.09,0.004473063
Ecuador,2020,0.085526937,0.08,-0.005526937
Egypt,1990,0,0,0
Egypt,1991,0,0,0
Egypt,1992,0,0,0
Egypt,1993,0,0,0
Egypt,1994,0,0,0
Egypt,1995,0,0,0
Egypt,1996,0,0,0
Egypt,1997,0,0,0
Egypt,1998,0,0,0
Egypt,1999,0.012,0.012,0
Egypt,2000,0.0805,0.14,0.0595
Egypt,2001,0.179,0.22,0.041
Egypt,2002,0.2125,0.2,-0.0125
Egypt,2003,0.286,0.37,0.084
Egypt,2004,0.504050505,0.52,0.015949495
Egypt,2005,0.510111111,0.55,0.039888889000000094
Egypt,2006,0.605060606,0.62,0.014939393999999995
Egypt,2007,0.662436364,0.83,0.1675636359999999
Egypt,2008,0.929813131,0.91,-0.019813131
Egypt,2009,1.037193939,1.13,0.092806061
Egypt,2010,1.409143434,1.5,0.090856566
Egypt,2011,1.494824939,1.52,0.025175061
Egypt,2012,1.33620304,1.12,-0.21620304
Egypt,2013,1.576583202,1.33,-0.246583202
Egypt,2014,1.028127768,1.44,0.4118722319999999
Egypt,2015,1.894545455,2.06,0.165454545
Egypt,2016,2.39669303,2.2,-0.19669303
Egypt,2017,2.109576212,2.33,0.22042378800000018
Egypt,2018,2.98739104,3.02,0.03260896
Egypt,2019,4.551864251,3.69,-0.861864251
Egypt,2020,6.776345266,4,-2.776345266
Estonia,1990,0,0,0
Estonia,1991,0,0,0
Estonia,1992,0,0,0
Estonia,1993,0,0,0
Estonia,1994,0,0,0
Estonia,1995,0,0,0
Estonia,1996,0,0,0
Estonia,1997,0,0,0
Estonia,1998,0,0,0
Estonia,1999,0,0,0
Estonia,2000,0,0,0
Estonia,2001,0,0,0
Estonia,2002,0.0014,0,-0.0014
Estonia,2003,0.0061,0.01,0.0039
Estonia,2004,0.0076,0.01,0.0024
Estonia,2005,0.0539,0.05,-0.0039
Estonia,2006,0.0763,0.08,0.0037
Estonia,2007,0.091,0.09,-0.001
Estonia,2008,0.133,0.13,-0.003
Estonia,2009,0.195,0.2,0.005
Estonia,2010,0.277,0.28,0.003
Estonia,2011,0.368,0.37,0.002
Estonia,2012,0.434,0.43,-0.004
Estonia,2013,0.529,0.53,0.001
Estonia,2014,0.604,0.6,-0.004
Estonia,2015,0.7151,0.71,-0.0051
Estonia,2016,0.594,0.59,-0.004
Estonia,2017,0.723,0.72,-0.003
Estonia,2018,0.636,0.64,0.004
Estonia,2019,0.687,0.69,0.003
Estonia,2020,0.82328179,0.84,0.016718209999999956
Europe,1990,0.779460415,0.78,0.000539585
Europe,1991,0.980027988,1.09,0.10997201200000006
Europe,1992,1.53504808,1.55,0.014951920000000118
Europe,1993,2.284826092,2.35,0.065173908
Europe,1994,2.979235703,3.51,0.5307642969999997
Europe,1995,3.863029201,4.08,0.21697079900000027
Europe,1996,4.828585245,4.881,0.052414755000000035
Europe,1997,7.295492956,7.362,0.066507044
Europe,1998,11.17647914,11.283,0.10652085999999983
Europe,1999,14.24432177,14.223,-0.02132177
Europe,2000,22.4547142,22.26,-0.1947142
Europe,2001,26.93428666,26.76,-0.17428666
Europe,2002,36.42594931,36.43,0.00405069
Europe,2003,44.53115229,44.85,0.31884771
Europe,2004,59.29678686,59.77,0.4732131400000057
Europe,2005,71.09674937,71.56,0.46325063000000455
Europe,2006,83.16413988,83.64,0.4758601200000072
Europe,2007,105.7131938,106.18,0.4668062000000077
Europe,2008,121.3539015,121.33,-0.0239015
Europe,2009,135.3832286,134.91,-0.4732286
Europe,2010,153.4434969,151.1,-2.3434969
Europe,2011,186.6574032,182.75,-3.9074032
Europe,2012,215.0324051,209.26,-5.7724051
Europe,2013,248.1152558,240.5,-7.6152558
Europe,2014,264.81502,258.01,-6.80502
Europe,2015,318.93123,307.54,-11.39123
Europe,2016,322.8678763,307.58,-15.2878763
Europe,2017,384.2165214,366.49,-17.7265214
Europe,2018,403.2175948,383.66,-19.5575948
Europe,2019,460.0298128,441.49,-18.5398128
Europe,2020,510.138071,487.78,-22.358071
Finland,1990,0,0,0
Finland,1991,0.0006,0,-0.0006
Finland,1992,0.0024,0,-0.0024
Finland,1993,0.0044,0,-0.0044
Finland,1994,0.0072,0.01,0.0028
Finland,1995,0.0108,0.01,-0.0008
Finland,1996,0.011,0.01,-0.001
Finland,1997,0.0166,0.02,0.0034
Finland,1998,0.023,0.02,-0.003
Finland,1999,0.049,0.05,0.001
Finland,2000,0.0766,0.08,0.0034
Finland,2001,0.0696,0.07,0.0004
Finland,2002,0.063,0.06,-0.003
Finland,2003,0.0919,0.09,-0.0019
Finland,2004,0.1203,0.12,-0.0003
Finland,2005,0.1683,0.17,0.0017
Finland,2006,0.1527,0.16,0.0073
Finland,2007,0.1884,0.19,0.0016
Finland,2008,0.2605,0.26,-0.0005
Finland,2009,0.2766,0.28,0.0034
Finland,2010,0.2943,0.29,-0.0043
Finland,2011,0.4814,0.48,-0.0014
Finland,2012,0.4943,0.49,-0.0043
Finland,2013,0.7737,0.77,-0.0037
Finland,2014,1.1072,1.11,0.0028
Finland,2015,2.350505051,2.33,-0.020505051
Finland,2016,3.098989899,3.07,-0.028989899
Finland,2017,4.843434343,4.8,-0.043434343
Finland,2018,5.897979798,5.84,-0.057979798
Finland,2019,6.085858586,6.02,-0.065858586
Finland,2020,8.050505051,7.94,-0.110505051
France,1990,0.000271526,0,-0.000271526
France,1991,0.000489604,0,-0.000489604
France,1992,0.000489604,0,-0.000489604
France,1993,0.00240218,0,-0.00240218
France,1994,0.004704,0,-0.004704
France,1995,0.0047142,0,-0.0047142
France,1996,0.0074302,0.01,0.0025698
France,1997,0.0111284,0.01,-0.0011284
France,1998,0.0194972,0.02,0.0005028
France,1999,0.03694443,0.04,0.00305557
France,2000,0.048,0.05,0.002
France,2001,0.131,0.13,-0.001
France,2002,0.265,0.27,0.005
France,2003,0.388,0.39,0.002
France,2004,0.595,0.59,-0.005
France,2005,0.962,0.96,-0.002
France,2006,2.182,2.18,-0.002
France,2007,4.07,4.07,0
France,2008,5.694,5.69,-0.004
France,2009,7.912,7.91,-0.002
France,2010,9.945,9.94,-0.005
France,2011,12.052,12.37,0.3179999999999996
France,2012,15.107985,15.18,0.072015
France,2013,16.054344,16.13,0.075656
France,2014,17.250189,17.32,0.069811
France,2015,21.350168,21.42,0.069832
France,2016,21.307965,21.38,0.072035
France,2017,24.54369,24.61,0.06631
France,2018,28.53087,28.6,0.06913
France,2019,34.615359,34.79,0.17464100000000116
France,2020,40.60381527,39.79,-0.81381527
Germany,1990,0.071,0.07,-0.001
Germany,1991,0.1,0.22,0.12
Germany,1992,0.275,0.29,0.014999999999999958
Germany,1993,0.6,0.67,0.07
Germany,1994,0.909,1.43,0.5209999999999999
Germany,1995,1.5,1.71,0.20999999999999996
Germany,1996,2.032,2.08,0.048
Germany,1997,2.966,3.03,0.064
Germany,1998,4.489,4.59,0.10099999999999998
Germany,1999,5.528,5.53,0.002
Germany,2000,9.513,9.35,-0.163
Germany,2001,10.509,10.46,-0.049
Germany,2002,15.786,15.86,0.074
Germany,2003,18.713,19.09,0.3769999999999989
Germany,2004,25.509,26.02,0.5109999999999992
Germany,2005,27.229,27.77,0.5410000000000004
Germany,2006,30.71,31.32,0.6099999999999994
Germany,2007,39.713,40.51,0.797
Germany,2008,40.574,41.38,0.8060000000000045
Germany,2009,38.648,39.42,0.7719999999999985
Germany,2010,38.547,38.55,0.003
Germany,2011,49.857,49.86,0.003
Germany,2012,51.68,51.68,0
Germany,2013,52.737,52.74,0.003
Germany,2014,58.497,58.5,0.003
Germany,2015,80.624,80.62,-0.004
Germany,2016,79.924,79.92,-0.004
Germany,2017,105.693,105.69,-0.003
Germany,2018,109.951,109.95,-0.001
Germany,2019,125.894,125.89,-0.004
Germany,2020,130.965,132.1,1.134999999999991
Greece,1990,0.002,0,-0.002
Greece,1991,0.002,0,-0.002
Greece,1992,0.008,0.01,0.002
Greece,1993,0.047,0.05,0.003
Greece,1994,0.037,0.04,0.003
Greece,1995,0.034,0.03,-0.004
Greece,1996,0.036,0.04,0.004
Greece,1997,0.037,0.04,0.003
Greece,1998,0.073,0.07,-0.003
Greece,1999,0.162,0.16,-0.002
Greece,2000,0.451,0.45,-0.001
Greece,2001,0.756,0.76,0.004
Greece,2002,0.651,0.65,-0.001
Greece,2003,1.021,1.02,-0.001
Greece,2004,1.121,1.12,-0.001
Greece,2005,1.266,1.27,0.004
Greece,2006,1.699,1.7,0.001
Greece,2007,1.818,1.82,0.002
Greece,2008,2.242,2.24,-0.002
Greece,2009,2.543,2.54,-0.003
Greece,2010,2.714,2.71,-0.004
Greece,2011,3.315,3.32,0.005
Greece,2012,3.85,3.85,0
Greece,2013,4.139,4.14,0.001
Greece,2014,3.689,3.69,0.001
Greece,2015,4.621,4.62,-0.001
Greece,2016,5.146,5.15,0.004
Greece,2017,5.536987,5.54,0.003013
Greece,2018,6.300259,6.3,-0.000259
Greece,2019,7.266347,7.27,0.003653
Greece,2020,9.30546379,9.31,0.00453621
Hong Kong,1990,0,0,0
Hong Kong,1991,0,0,0
Hong Kong,1992,0,0,0
Hong Kong,1993,0,0,0
Hong Kong,1994,0,0,0
Hong Kong,1995,0,0,0
Hong Kong,1996,0,0,0
Hong Kong,1997,0,0,0
Hong Kong,1998,0,0,0
Hong Kong,1999,0,0,0
Hong Kong,2000,0,0,0
Hong Kong,2001,0,0,0
Hong Kong,2002,0,0,0
Hong Kong,2003,0,0,0
Hong Kong,2004,0,0,0
Hong Kong,2005,0,0,0
Hong Kong,2006,0.000694,0,-0.000694
Hong Kong,2007,0.000865,0,-0.000865
Hong Kong,2008,0.000807,0,-0.000807
Hong Kong,2009,0.001099,0,-0.001099
Hong Kong,2010,0.001041,0,-0.001041
Hong Kong,2011,0.000868,0,-0.000868
Hong Kong,2012,0.001053,0,-0.001053
Hong Kong,2013,0.000836,0,-0.000836
Hong Kong,2014,0.0009,0,-0.0009
Hong Kong,2015,0.000811,0,-0.000811
Hong Kong,2016,0.000492,0,-0.000492
Hong Kong,2017,0.001045,0,-0.001045
Hong Kong,2018,0.0007,0,-0.0007
Hong Kong,2019,0.000676092,0,-0.000676092
Hong Kong,2020,0.000825,0,-0.000825
Hungary,1990,0,0,0
Hungary,1991,0,0,0
Hungary,1992,0,0,0
Hungary,1993,0,0,0
Hungary,1994,0,0,0
Hungary,1995,0,0,0
Hungary,1996,0,0,0
Hungary,1997,0,0,0
Hungary,1998,0,0,0
Hungary,1999,0,0,0
Hungary,2000,0,0,0
Hungary,2001,0.001,0,-0.001
Hungary,2002,0.001,0,-0.001
Hungary,2003,0.004,0,-0.004
Hungary,2004,0.006,0.01,0.004
Hungary,2005,0.01,0.01,0
Hungary,2006,0.043,0.04,-0.003
Hungary,2007,0.11,0.11,0
Hungary,2008,0.205,0.2,-0.005
Hungary,2009,0.331,0.33,-0.001
Hungary,2010,0.527,0.53,0.003
Hungary,2011,0.626,0.63,0.004
Hungary,2012,0.771181,0.77,-0.001181
Hungary,2013,0.717905,0.72,0.002095
Hungary,2014,0.65654,0.66,0.00346
Hungary,2015,0.693,0.69,-0.003
Hungary,2016,0.684,0.68,-0.004
Hungary,2017,0.758,0.76,0.002
Hungary,2018,0.607,0.61,0.003
Hungary,2019,0.729,0.73,0.001
Hungary,2020,0.643,0.65,0.007
Iceland,1990,0,0,0
Iceland,1991,0,0,0
Iceland,1992,0,0,0
Iceland,1993,0,0,0
Iceland,1994,0,0,0
Iceland,1995,0,0,0
Iceland,1996,0,0,0
Iceland,1997,0,0,0
Iceland,1998,0,0,0
Iceland,1999,0,0,0
Iceland,2000,0,0,0
Iceland,2001,0,0,0
Iceland,2002,0,0,0
Iceland,2003,0,0,0
Iceland,2004,0,0,0
Iceland,2005,0,0,0
Iceland,2006,0,0,0
Iceland,2007,0,0,0
Iceland,2008,0,0,0
Iceland,2009,0,0,0
Iceland,2010,0,0,0
Iceland,2011,7.94e-06,0,-7.94E-06
Iceland,2012,0,0,0
Iceland,2013,0.005484748,0,-0.005484748
Iceland,2014,0.008385545,0.01,0.001614455
Iceland,2015,0.010894204,0.01,-0.000894204
Iceland,2016,0.009209778,0.01,0.000790222
Iceland,2017,0.008126884,0.01,0.001873116
Iceland,2018,0.004363,0,-0.004363
Iceland,2019,0.006569191,0.01,0.003430809
Iceland,2020,0.006662208,0.01,0.003337792
India,1990,0.03030303,0.03,-0.00030303
India,1991,0.11291,0.113,9.000000000000674e-05
India,1992,0.08847,0.088,-0.00047
India,1993,0.09477,0.095,0.00023
India,1994,0.19128,0.191,-0.00028
India,1995,0.49647,0.496,-0.00047
India,1996,0.87838,0.878,-0.00038
India,1997,0.988,0.988,0
India,1998,1.079,1.079,0
India,1999,1.446,1.446,0
India,2000,1.582,1.58,-0.002
India,2001,2.085,2.09,0.005
India,2002,2.085,2.09,0.005
India,2003,2.60448,2.6,-0.00448
India,2004,5.22543,5.23,0.00457
India,2005,5.991,5.99,-0.001
India,2006,9.3373,9.34,0.0027
India,2007,11.6828,11.68,-0.0028
India,2008,14.3782,14.38,0.0018
India,2009,16.271,16.27,-0.001
India,2010,19.4564,19.46,0.0036
India,2011,23.9523,23.95,-0.0023
India,2012,27.4326,27.43,-0.0026
India,2013,30.0074,30.01,0.0026
India,2014,33.4549,33.45,-0.0049
India,2015,32.74138,32.74,-0.00138
India,2016,43.45283,43.45,-0.00283
India,2017,52.62495,52.62,-0.00495
India,2018,60.31116,60.31,-0.00116
India,2019,63.31423,63.31,-0.00423
India,2020,60.42740262,60.43,0.00259738
Indonesia,1990,0,0,0
Indonesia,1991,0,0,0
Indonesia,1992,0,0,0
Indonesia,1993,0,0,0
Indonesia,1994,0,0,0
Indonesia,1995,0,0,0
Indonesia,1996,0,0,0
Indonesia,1997,0,0,0
Indonesia,1998,0,0,0
Indonesia,1999,0,0,0
Indonesia,2000,0,0,0
Indonesia,2001,0,0,0
Indonesia,2002,0,0,0
Indonesia,2003,0,0,0
Indonesia,2004,0,0,0
Indonesia,2005,0,0,0
Indonesia,2006,0,0,0
Indonesia,2007,2e-05,0,-2.00E-05
Indonesia,2008,0.00027,0,-0.00027
Indonesia,2009,0.00367,0,-0.00367
Indonesia,2010,0.00364,0,-0.00364
Indonesia,2011,0.00469,0,-0.00469
Indonesia,2012,0.00461,0,-0.00461
Indonesia,2013,0.0001,0,-0.0001
Indonesia,2014,0,0,0
Indonesia,2015,0.0037,0,-0.0037
Indonesia,2016,0.00569,0.01,0.00431
Indonesia,2017,0,0,0
Indonesia,2018,0.18798,0.19,0.00202
Indonesia,2019,0.482,0.48,-0.002
Indonesia,2020,0.472689195,0.47,-0.002689195
Iran,1990,0,0,0
Iran,1991,0,0,0
Iran,1992,0,0,0
Iran,1993,0,0,0
Iran,1994,0,0,0
Iran,1995,0,0,0
Iran,1996,0,0,0
Iran,1997,0,0,0
Iran,1998,0,0,0
Iran,1999,0.035,0.035,0
Iran,2000,0.0365,0.04,0.0035
Iran,2001,0.0337,0.03,-0.0037
Iran,2002,0.0303,0.03,-0.0003
Iran,2003,0.0276,0.03,0.0024
Iran,2004,0.0463,0.05,0.0037
Iran,2005,0.0709,0.07,-0.0009
Iran,2006,0.1253,0.13,0.0047
Iran,2007,0.1409,0.14,-0.0009
Iran,2008,0.1958,0.2,0.0042
Iran,2009,0.2262,0.22,-0.0062
Iran,2010,0.2089,0.16,-0.0489
Iran,2011,0.2135,0.22,0.0065
Iran,2012,0.2043,0.21,0.0057
Iran,2013,0.2113,0.38,0.16870000000000002
Iran,2014,0.1977,0.36,0.1623
Iran,2015,0.2422,0.22,-0.0222
Iran,2016,0.2643,0.25,-0.0143
Iran,2017,0.306258,0.31,0.003742
Iran,2018,0.585379,0.52,-0.065379
Iran,2019,0.627310405,0.56,-0.067310405
Iran,2020,0.629344701,0.56,-0.069344701
Iraq,1990,0,0,0
Iraq,1991,0,0,0
Iraq,1992,0,0,0
Iraq,1993,0,0,0
Iraq,1994,0,0,0
Iraq,1995,0,0,0
Iraq,1996,0,0,0
Iraq,1997,0,0,0
Iraq,1998,0,0,0
Iraq,1999,0,0,0
Iraq,2000,0,0,0
Iraq,2001,0,0,0
Iraq,2002,0,0,0
Iraq,2003,0,0,0
Iraq,2004,0,0,0
Iraq,2005,0,0,0
Iraq,2006,0,0,0
Iraq,2007,0,0,0
Iraq,2008,0,0,0
Iraq,2009,0,0,0
Iraq,2010,0,0,0
Iraq,2011,0,0,0
Iraq,2012,0,0,0
Iraq,2013,0,0,0
Iraq,2014,0,0,0
Iraq,2015,0,0,0
Iraq,2016,0,0,0
Iraq,2017,0,0,0
Iraq,2018,0,0,0
Iraq,2019,0,0,0
Iraq,2020,0,0,0
Ireland,1990,0,0,0
Ireland,1991,0,0,0
Ireland,1992,0.0050009,0,-0.0050009
Ireland,1993,0.0150027,0.01,-0.0050027
Ireland,1994,0.01900342,0.02,0.00099658
Ireland,1995,0.01600288,0.02,0.00399712
Ireland,1996,0.01400252,0.01,-0.00400252
Ireland,1997,0.050009,0.05,-9.00E-06
Ireland,1998,0.16903042,0.17,0.00096958
Ireland,1999,0.18703366,0.19,0.00296634
Ireland,2000,0.24404392,0.24,-0.00404392
Ireland,2001,0.33406012,0.33,-0.00406012
Ireland,2002,0.38806984,0.39,0.00193016
Ireland,2003,0.45408172,0.45,-0.00408172
Ireland,2004,0.6551179,0.65,-0.0051179
Ireland,2005,1.112110144,1.11,-0.002110144
Ireland,2006,1.622333167,1.62,-0.002333167
Ireland,2007,1.958723057,1.96,0.001276943
Ireland,2008,2.410446818,2.41,-0.000446818
Ireland,2009,2.955749215,2.96,0.004250785
Ireland,2010,2.815165684,2.81,-0.005165684
Ireland,2011,4.381103159,4.38,-0.001103159
Ireland,2012,4.011200122,4.01,-0.001200122
Ireland,2013,4.542331953,4.54,-0.002331953
Ireland,2014,5.140986328,5.14,-0.000986328
Ireland,2015,6.574180747,6.57,-0.004180747
Ireland,2016,6.149,6.15,0.001
Ireland,2017,7.444742,7.44,-0.004742
Ireland,2018,8.639767,8.64,0.000233
Ireland,2019,10.019485,10.02,0.000515
Ireland,2020,11.554372,11.55,-0.004372
Israel,1990,0,0,0
Israel,1991,0,0,0
Israel,1992,0,0,0
Israel,1993,0,0,0
Israel,1994,0,0,0
Israel,1995,0,0,0
Israel,1996,0,0,0
Israel,1997,0,0,0
Israel,1998,0,0,0
Israel,1999,0,0,0
Israel,2000,0,0,0
Israel,2001,0.01,0.01,0
Israel,2002,0.011,0.01,-0.001
Israel,2003,0.012,0.01,-0.002
Israel,2004,0.011,0.01,-0.001
Israel,2005,0.011,0.01,-0.001
Israel,2006,0.01,0.01,0
Israel,2007,0.01,0.01,0
Israel,2008,0.009,0.01,0.001
Israel,2009,0.009,0.01,0.001
Israel,2010,0.008,0.01,0.002
Israel,2011,0.007,0.01,0.003
Israel,2012,0.006,0.01,0.004
Israel,2013,0.006,0.01,0.004
Israel,2014,0.0059,0.01,0.0041
Israel,2015,0.0067,0.01,0.0033
Israel,2016,0.0067,0.05,0.043300000000000005
Israel,2017,0.0067,0.18,0.17329999999999998
Israel,2018,0.0067,0.18,0.17329999999999998
Israel,2019,0.0067,0.18,0.17329999999999998
Israel,2020,0.0067,0.23,0.2233
Italy,1990,0.001919192,0,-0.001919192
Italy,1991,0.002878788,0,-0.002878788
Italy,1992,0.001919192,0,-0.001919192
Italy,1993,0.003838384,0,-0.003838384
Italy,1994,0.006717172,0.01,0.003282828
Italy,1995,0.008636364,0.01,0.001363636
Italy,1996,0.031666667,0.03,-0.001666667
Italy,1997,0.118,0.12,0.002
Italy,1998,0.232,0.23,-0.002
Italy,1999,0.403,0.4,-0.003
Italy,2000,0.563,0.56,-0.003
Italy,2001,1.179,1.18,0.001
Italy,2002,1.404,1.4,-0.004
Italy,2003,1.458,1.46,0.002
Italy,2004,1.847,1.85,0.003
Italy,2005,2.343,2.34,-0.003
Italy,2006,2.971,2.97,-0.001
Italy,2007,4.034,4.03,-0.004
Italy,2008,4.861,4.86,-0.001
Italy,2009,6.543,6.54,-0.003
Italy,2010,9.1259,9.13,0.0041
Italy,2011,9.8564,9.86,0.0036
Italy,2012,13.4071,13.41,0.0029
Italy,2013,14.897,14.9,0.003
Italy,2014,15.1783,15.18,0.0017
Italy,2015,14.8439,14.84,-0.0039
Italy,2016,17.6887,17.69,0.0013
Italy,2017,17.7419,17.74,-0.0019
Italy,2018,17.7164,17.72,0.0036
Italy,2019,20.202,20.2,-0.002
Italy,2020,18.7025304,18.76,0.0574696
Japan,1990,0,0,0
Japan,1991,0,0,0
Japan,1992,0,0,0
Japan,1993,0.000959596,0.001,4.040400000000007e-05
Japan,1994,0.000959596,0.001,4.040400000000007e-05
Japan,1995,0.000959596,0.001,4.040400000000007e-05
Japan,1996,0.001919192,0.002,8.080800000000014e-05
Japan,1997,0.000959596,0.001,4.040400000000007e-05
Japan,1998,0.007070707,0.007,-7.07E-05
Japan,1999,0.036363636,0.036,-0.000363636
Japan,2000,0.109,0.11,0.001
Japan,2001,0.252,0.25,-0.002
Japan,2002,0.413,0.41,-0.003
Japan,2003,0.832,0.83,-0.002
Japan,2004,1.44,1.3,-0.14
Japan,2005,1.91,1.75,-0.16
Japan,2006,2.135,2.17,0.035
Japan,2007,2.74,2.61,-0.13
Japan,2008,2.945,2.94,-0.005
Japan,2009,3.427302299,3.61,0.18269770099999993
Japan,2010,3.925729063,4.02,0.094270937
Japan,2011,4.459041,4.68,0.22095899999999968
Japan,2012,4.727417,4.84,0.11258299999999988
Japan,2013,5.133169068,5.19,0.056830932000000445
Japan,2014,5.01397161,5.22,0.20602839000000017
Japan,2015,5.222806579,5.58,0.35719342099999984
Japan,2016,5.340768811,6.17,0.8292311889999997
Japan,2017,5.82717014,6.49,0.6628298600000004
Japan,2018,6.444881462,7.48,1.0351185380000008
Japan,2019,6.748665019,7.67,0.9213349810000002
Japan,2020,7.789507775,8.65,0.8604922250000007
Kazakhstan,1990,0,0,0
Kazakhstan,1991,0,0,0
Kazakhstan,1992,0,0,0
Kazakhstan,1993,0,0,0
Kazakhstan,1994,0,0,0
Kazakhstan,1995,0,0,0
Kazakhstan,1996,0,0,0
Kazakhstan,1997,0,0,0
Kazakhstan,1998,0,0,0
Kazakhstan,1999,0,0,0
Kazakhstan,2000,0,0,0
Kazakhstan,2001,0,0,0
Kazakhstan,2002,0,0,0
Kazakhstan,2003,0,0,0
Kazakhstan,2004,0,0,0
Kazakhstan,2005,0,0,0
Kazakhstan,2006,0,0,0
Kazakhstan,2007,0,0,0
Kazakhstan,2008,0,0,0
Kazakhstan,2009,0,0,0
Kazakhstan,2010,0,0,0
Kazakhstan,2011,0.000147,0,-0.000147
Kazakhstan,2012,0.002665,0,-0.002665
Kazakhstan,2013,0.0045487,0,-0.0045487
Kazakhstan,2014,0.0132652,0.01,-0.0032652
Kazakhstan,2015,0.1317223,0.13,-0.0017223
Kazakhstan,2016,0.2749828,0.27,-0.0049828
Kazakhstan,2017,0.3397637,0.34,0.0002363
Kazakhstan,2018,0.3853151,0.39,0.0046849
Kazakhstan,2019,0.7071334,0.71,0.0028666
Kazakhstan,2020,1.135432165,1.14,0.004567835
Kuwait,1990,0,0,0
Kuwait,1991,0,0,0
Kuwait,1992,0,0,0
Kuwait,1993,0,0,0
Kuwait,1994,0,0,0
Kuwait,1995,0,0,0
Kuwait,1996,0,0,0
Kuwait,1997,0,0,0
Kuwait,1998,0,0,0
Kuwait,1999,0,0,0
Kuwait,2000,0,0,0
Kuwait,2001,0,0,0
Kuwait,2002,0,0,0
Kuwait,2003,0,0,0
Kuwait,2004,0,0,0
Kuwait,2005,0,0,0
Kuwait,2006,0,0,0
Kuwait,2007,0,0,0
Kuwait,2008,0,0,0
Kuwait,2009,0,0,0
Kuwait,2010,0,0,0
Kuwait,2011,0,0,0
Kuwait,2012,0,0,0
Kuwait,2013,0,0.01,0.01
Kuwait,2014,0,0.01,0.01
Kuwait,2015,0,0.01,0.01
Kuwait,2016,0,0.01,0.01
Kuwait,2017,0.01752,0.03,0.012479999999999998
Kuwait,2018,0.01752,0.04,0.02248
Kuwait,2019,0.01752,0.04,0.02248
Kuwait,2020,0.01752,0.04,0.02248
Latvia,1990,0,0,0
Latvia,1991,0,0,0
Latvia,1992,0,0,0
Latvia,1993,0,0,0
Latvia,1994,0,0,0
Latvia,1995,0,0,0
Latvia,1996,0.001,0,-0.001
Latvia,1997,0.002,0,-0.002
Latvia,1998,0.002,0,-0.002
Latvia,1999,0.002,0,-0.002
Latvia,2000,0.005,0,-0.005
Latvia,2001,0.003,0,-0.003
Latvia,2002,0.011,0.01,-0.001
Latvia,2003,0.048,0.05,0.002
Latvia,2004,0.049,0.05,0.001
Latvia,2005,0.047,0.05,0.003
Latvia,2006,0.046,0.05,0.004
Latvia,2007,0.053,0.05,-0.003
Latvia,2008,0.058,0.06,0.002
Latvia,2009,0.048,0.05,0.002
Latvia,2010,0.049,0.05,0.001
Latvia,2011,0.071,0.07,-0.001
Latvia,2012,0.108,0.11,0.002
Latvia,2013,0.119,0.12,0.001
Latvia,2014,0.101,0.14,0.039
Latvia,2015,0.147,0.15,0.003
Latvia,2016,0.13,0.13,0
Latvia,2017,0.15,0.15,0
Latvia,2018,0.122038,0.12,-0.002038
Latvia,2019,0.153999,0.15,-0.003999
Latvia,2020,0.178,0.18,0.002
Lithuania,1990,0,0,0
Lithuania,1991,0,0,0
Lithuania,1992,0,0,0
Lithuania,1993,0,0,0
Lithuania,1994,0,0,0
Lithuania,1995,0,0,0
Lithuania,1996,0,0,0
Lithuania,1997,0,0,0
Lithuania,1998,0,0,0
Lithuania,1999,0,0,0
Lithuania,2000,0,0,0
Lithuania,2001,0,0,0
Lithuania,2002,0,0,0
Lithuania,2003,0,0,0
Lithuania,2004,0.0012,0,-0.0012
Lithuania,2005,0.0018,0,-0.0018
Lithuania,2006,0.0137,0.01,-0.0037
Lithuania,2007,0.1061,0.11,0.0039
Lithuania,2008,0.1311,0.13,-0.0011
Lithuania,2009,0.1577,0.16,0.0023
Lithuania,2010,0.224,0.22,-0.004
Lithuania,2011,0.475,0.47,-0.005
Lithuania,2012,0.5401,0.54,-1.00E-04
Lithuania,2013,0.6027,0.6,-0.0027
Lithuania,2014,0.6391,0.64,0.0009
Lithuania,2015,0.8103,0.81,-0.0003
Lithuania,2016,1.1359,1.14,0.0041
Lithuania,2017,1.3638,1.36,-0.0038
Lithuania,2018,1.145,1.14,-0.005
Lithuania,2019,1.4994,1.5,0.0006
Lithuania,2020,1.562093023,1.55,-0.012093023
Luxembourg,1990,0,0,0
Luxembourg,1991,0,0,0
Luxembourg,1992,0,0,0
Luxembourg,1993,0,0,0
Luxembourg,1994,0,0,0
Luxembourg,1995,0,0,0
Luxembourg,1996,0,0,0
Luxembourg,1997,0.003,0,-0.003
Luxembourg,1998,0.011,0.01,-0.001
Luxembourg,1999,0.018,0.02,0.002
Luxembourg,2000,0.024743,0.02,-0.004743
Luxembourg,2001,0.02374,0.02,-0.00374
Luxembourg,2002,0.024479,0.02,-0.004479
Luxembourg,2003,0.026168,0.03,0.003832
Luxembourg,2004,0.039399,0.04,0.000601
Luxembourg,2005,0.052251,0.05,-0.002251
Luxembourg,2006,0.057986,0.06,0.002014
Luxembourg,2007,0.064286,0.06,-0.004286
Luxembourg,2008,0.060589,0.06,-0.000589
Luxembourg,2009,0.063472,0.06,-0.003472
Luxembourg,2010,0.055083,0.06,0.004917
Luxembourg,2011,0.06405,0.06,-0.00405
Luxembourg,2012,0.077466,0.08,0.002534
Luxembourg,2013,0.083027,0.08,-0.003027
Luxembourg,2014,0.079876,0.08,0.000124
Luxembourg,2015,0.101848,0.1,-0.001848
Luxembourg,2016,0.101486,0.1,-0.001486
Luxembourg,2017,0.234823,0.23,-0.004823
Luxembourg,2018,0.254575,0.25,-0.004575
Luxembourg,2019,0.281283,0.28,-0.001283
Luxembourg,2020,0.348906912,0.35,0.001093088
Malaysia,1990,0,0,0
Malaysia,1991,0,0,0
Malaysia,1992,0,0,0
Malaysia,1993,0,0,0
Malaysia,1994,0,0,0
Malaysia,1995,0,0,0
Malaysia,1996,0,0,0
Malaysia,1997,0,0,0
Malaysia,1998,0,0,0
Malaysia,1999,0,0,0
Malaysia,2000,0,0,0
Malaysia,2001,0,0,0
Malaysia,2002,0,0,0
Malaysia,2003,0,0,0
Malaysia,2004,0,0,0
Malaysia,2005,0,0,0
Malaysia,2006,0,0,0
Malaysia,2007,0,0,0
Malaysia,2008,0,0,0
Malaysia,2009,0,0,0
Malaysia,2010,0,0,0
Malaysia,2011,0,0,0
Malaysia,2012,0,0,0
Malaysia,2013,0,0,0
Malaysia,2014,0,0,0
Malaysia,2015,0,0,0
Malaysia,2016,0,0,0
Malaysia,2017,0,0,0
Malaysia,2018,0,0,0
Malaysia,2019,0,0,0
Malaysia,2020,0,0,0
Mexico,1990,0.001,0.001,0
Mexico,1991,0.001,0.001,0
Mexico,1992,0.001,0.001,0
Mexico,1993,0.001,0.001,0
Mexico,1994,0.005,0.005,0
Mexico,1995,0.007,0.007,0
Mexico,1996,0.006,0.006,0
Mexico,1997,0.012,0.012,0
Mexico,1998,0.015,0.015,0
Mexico,1999,0.017,0.017,0
Mexico,2000,0.019,0.02,0.001
Mexico,2001,0.018,0.02,0.002
Mexico,2002,0.021,0.02,-0.001
Mexico,2003,0.019,0.02,0.001
Mexico,2004,0.02,0.02,0
Mexico,2005,0.019,0.02,0.001
Mexico,2006,0.045,0.06,0.015
Mexico,2007,0.248,0.26,0.012
Mexico,2008,0.255,0.27,0.015000000000000013
Mexico,2009,0.596352778,0.6,0.003647222
Mexico,2010,1.239111111,1.24,0.000888889
Mexico,2011,1.648321389,1.65,0.001678611
Mexico,2012,3.688310278,3.69,0.001689722
Mexico,2013,4.184543889,4.18,-0.004543889
Mexico,2014,6.426196667,6.43,0.003803333
Mexico,2015,8.745094722,8.74,-0.005094722
Mexico,2016,10.37809472,10.38,0.00190528
Mexico,2017,10.61978167,10.44,-0.17978167
Mexico,2018,13.08861111,12.88,-0.20861111
Mexico,2019,16.72666668,16.88,0.15333332
Mexico,2020,19.70681841,19.7,-0.00681841
Middle Africa,1990,0,0,0
Middle Africa,1991,0,0,0
Middle Africa,1992,0,0,0
Middle Africa,1993,0,0,0
Middle Africa,1994,0,0,0
Middle Africa,1995,0,0,0
Middle Africa,1996,0,0,0
Middle Africa,1997,0,0,0
Middle Africa,1998,0,0,0
Middle Africa,1999,0,0,0
Middle Africa,2000,0,0,0
Middle Africa,2001,0,0,0
Middle Africa,2002,0,0,0
Middle Africa,2003,0,0,0
Middle Africa,2004,0,0,0
Middle Africa,2005,0,0,0
Middle Africa,2006,0,0,0
Middle Africa,2007,0,0,0
Middle Africa,2008,0,0,0
Middle Africa,2009,0,0,0
Middle Africa,2010,0,0,0
Middle Africa,2011,0,0,0
Middle Africa,2012,0,0,0
Middle Africa,2013,0,0,0
Middle Africa,2014,0,0,0
Middle Africa,2015,0,0,0
Middle Africa,2016,0.0089,0.009,9.99999999999994e-05
Middle Africa,2017,0.0089,0.009,9.99999999999994e-05
Middle Africa,2018,0.0089,0.009,9.99999999999994e-05
Middle Africa,2019,0.0089,0.009,9.99999999999994e-05
Middle Africa,2020,0.0089,0.009,9.99999999999994e-05
Middle East,1990,0.001,0.001,0
Middle East,1991,0.001,0.001,0
Middle East,1992,0.001,0.001,0
Middle East,1993,0.001,0.001,0
Middle East,1994,0.001,0.001,0
Middle East,1995,0.001,0.001,0
Middle East,1996,0.001,0.001,0
Middle East,1997,0.003,0.003,0
Middle East,1998,0.003,0.003,0
Middle East,1999,0.038,0.038,0
Middle East,2000,0.0395,0.04,0.0005
Middle East,2001,0.0467,0.04,-0.0067
Middle East,2002,0.0443,0.04,-0.0043
Middle East,2003,0.0426,0.04,-0.0026
Middle East,2004,0.0614,0.06,-0.0014
Middle East,2005,0.086,0.08,-0.006
Middle East,2006,0.1394,0.14,0.0006
Middle East,2007,0.155,0.15,-0.005
Middle East,2008,0.2101,0.21,-0.0001
Middle East,2009,0.2405,0.23,-0.0105
Middle East,2010,0.2222,0.17,-0.0522
Middle East,2011,0.2258,0.23,0.0042
Middle East,2012,0.2166,0.22,0.0034
Middle East,2013,0.228089,0.4,0.17191100000000004
Middle East,2014,0.217278,0.39,0.17272200000000001
Middle East,2015,0.381789,0.37,-0.011789
Middle East,2016,0.678,0.71,0.032
Middle East,2017,0.795329,0.98,0.18467100000000003
Middle East,2018,1.33765,1.47,0.13234999999999997
Middle East,2019,1.552081405,1.67,0.1179185949999999
Middle East,2020,1.90417928,1.72,-0.18417928
Morocco,1990,0,0,0
Morocco,1991,0,0,0
Morocco,1992,0,0,0
Morocco,1993,0,0,0
Morocco,1994,0,0,0
Morocco,1995,0,0,0
Morocco,1996,0,0,0
Morocco,1997,0,0,0
Morocco,1998,0,0,0
Morocco,1999,0,0,0
Morocco,2000,0.064,0.06,-0.004
Morocco,2001,0.2058,0.21,0.0042
Morocco,2002,0.1939,0.19,-0.0039
Morocco,2003,0.2028,0.2,-0.0028
Morocco,2004,0.1989,0.2,0.0011
Morocco,2005,0.2063,0.21,0.0037
Morocco,2006,0.1832,0.18,-0.0032
Morocco,2007,0.2789,0.28,0.0011
Morocco,2008,0.2982,0.3,0.0018
Morocco,2009,0.3911,0.39,-0.0011
Morocco,2010,0.6588,0.66,0.0012
Morocco,2011,0.6922,0.69,-0.0022
Morocco,2012,0.728,0.73,0.002
Morocco,2013,1.2149,1.36,0.1451
Morocco,2014,1.9238,1.92,-0.0038
Morocco,2015,2.5194,2.52,0.0006
Morocco,2016,3.0001,3,-0.0001
Morocco,2017,3.0349,3.04,0.0051
Morocco,2018,3.840743,3.84,-0.000743
Morocco,2019,4.69919,4.7,0.00081
Morocco,2020,5.389683203,4.59,-0.799683203
Netherlands,1990,0.056,0.06,0.004
Netherlands,1991,0.088,0.09,0.002
Netherlands,1992,0.147,0.15,0.003
Netherlands,1993,0.174,0.17,-0.004
Netherlands,1994,0.238,0.24,0.002
Netherlands,1995,0.317,0.32,0.003
Netherlands,1996,0.437,0.44,0.003
Netherlands,1997,0.475,0.47,-0.005
Netherlands,1998,0.64,0.64,0
Netherlands,1999,0.645,0.64,-0.005
Netherlands,2000,0.829,0.83,0.001
Netherlands,2001,0.825,0.83,0.005
Netherlands,2002,0.946,0.95,0.004
Netherlands,2003,1.318,1.32,0.002
Netherlands,2004,1.867,1.87,0.003
Netherlands,2005,2.067,2.07,0.003
Netherlands,2006,2.734,2.73,-0.004
Netherlands,2007,3.437,3.44,0.003
Netherlands,2008,4.258333,4.26,0.001667
Netherlands,2009,4.583333,4.58,-0.003333
Netherlands,2010,3.993056,3.99,-0.003056
Netherlands,2011,5.100171,5.1,-0.000171
Netherlands,2012,4.981829,4.98,-0.001829
Netherlands,2013,5.627148,5.63,0.002852
Netherlands,2014,5.797334,5.8,0.002666
Netherlands,2015,7.549873,7.55,0.000127
Netherlands,2016,8.170458,8.17,-0.000458
Netherlands,2017,10.568801,10.57,0.001199
Netherlands,2018,10.548511,10.55,0.001489
Netherlands,2019,11.507927,11.51,0.002073
Netherlands,2020,15.268444,15.34,0.071556
New Zealand,1990,0,0,0
New Zealand,1991,0,0,0
New Zealand,1992,0.000690909,0.001,0.000309091
New Zealand,1993,0.000985859,0.001,1.4141000000000067e-05
New Zealand,1994,0.001010101,0.001,-1.01E-05
New Zealand,1995,0.001010101,0.001,-1.01E-05
New Zealand,1996,0.008326263,0.008,-0.000326263
New Zealand,1997,0.013593556,0.014,0.000406444
New Zealand,1998,0.022069697,0.022,-6.97E-05
New Zealand,1999,0.038992929,0.039,7.070999999997385e-06
New Zealand,2000,0.120208081,0.12,-0.000208081
New Zealand,2001,0.138987879,0.14,0.001012121
New Zealand,2002,0.155483175,0.16,0.004516825
New Zealand,2003,0.146540963,0.15,0.003459037
New Zealand,2004,0.361536664,0.36,-0.001536664
New Zealand,2005,0.614385909,0.61,-0.004385909
New Zealand,2006,0.622216866,0.62,-0.002216866
New Zealand,2007,0.929879852,0.93,0.000120148
New Zealand,2008,1.058457695,1.06,0.001542305
New Zealand,2009,1.476460904,1.48,0.003539096
New Zealand,2010,1.637175763,1.64,0.002824237
New Zealand,2011,1.957218921,1.96,0.002781079
New Zealand,2012,2.07919556,2.08,0.00080444
New Zealand,2013,2.021870415,2.02,-0.001870415
New Zealand,2014,2.211223767,2.21,-0.001223767
New Zealand,2015,2.364129919,2.36,-0.004129919
New Zealand,2016,2.330692112,2.33,-0.000692112
New Zealand,2017,2.086400354,2.09,0.003599646
New Zealand,2018,2.067359865,2.07,0.002640135
New Zealand,2019,2.254671077,2.25,-0.004671077
New Zealand,2020,2.302228225,2.3,-0.002228225
Non-OECD,1990,0.034333333,0.034,-0.000333333
Non-OECD,1991,0.123000909,0.123,-9.09E-07
Non-OECD,1992,0.220783131,0.221,0.000216869
Non-OECD,1993,0.312035657,0.312,-3.57E-05
Non-OECD,1994,0.589907273,0.59,9.272699999995915e-05
Non-OECD,1995,1.128285152,1.128,-0.000285152
Non-OECD,1996,1.024619456,1.025,0.000380544
Non-OECD,1997,1.304578444,1.305,0.000421556
Non-OECD,1998,1.565933658,1.566,6.634199999999701e-05
Non-OECD,1999,2.138893038,2.139,0.000106962
Non-OECD,2000,2.659596977,2.66,0.000403023
Non-OECD,2001,3.612711655,3.613,0.000288345
Non-OECD,2002,3.907608396,3.908,0.000391604
Non-OECD,2003,4.678339579,4.678,-0.000339579
Non-OECD,2004,7.899769683,7.9,0.000230317
Non-OECD,2005,9.469674413,9.47,0.000325587
Non-OECD,2006,15.19764714,15.198,0.00035286
Non-OECD,2007,20.12488721,20.125,0.00011279
Non-OECD,2008,31.50778938,31.508,0.00021062
Non-OECD,2009,48.95377126,48.954,0.00022874
Non-OECD,2010,76.93587333,76.936,0.00012667
Non-OECD,2011,109.0714609,109.071,-0.0004609
Non-OECD,2012,147.039565,147.04,0.000435
Non-OECD,2013,191.6452689,191.645,-0.0002689
Non-OECD,2014,226.7967472,226.797,0.0002528
Non-OECD,2015,271.9864702,271.986,-0.0004702
Non-OECD,2016,354.2677574,354.268,0.0002426
Non-OECD,2017,441.8742465,441.874,-0.0002465
Non-OECD,2018,524.8149324,524.815,6.760000007943745e-05
Non-OECD,2019,587.3335391,587.334,0.0004609
Non-OECD,2020,658.2703895,658.27,-0.0003895
North America,1990,2.819686869,2.82,0.000313131
North America,1991,2.983677778,2.984,0.000322222
North America,1992,2.976689899,2.977,0.000310101
North America,1993,3.096188889,3.096,-0.000188889
North America,1994,3.545928283,3.546,7.171699999997116e-05
North America,1995,3.262215152,3.262,-0.000215152
North America,1996,3.334736364,3.335,0.000263636
North America,1997,3.395247475,3.395,-0.000247475
North America,1998,3.133258586,3.133,-0.000258586
North America,1999,4.712331313,4.712,-0.000331313
North America,2000,5.932758586,6.07,0.137241414
North America,2001,7.152384848,7.31,0.15761515199999998
North America,2002,10.88486869,11.07,0.18513131000000094
North America,2003,12.00947071,12.4,0.3905292899999999
North America,2004,15.25160707,15.45,0.1983929299999989
North America,2005,19.56145354,19.7,0.1385464600000006
North America,2006,29.35071414,29.49,0.13928585999999754
North America,2007,38.02311206,38.06,0.03688794
North America,2008,59.96583737,59.73,-0.23583737
North America,2009,81.87046086,81.71,-0.16046086
North America,2010,105.5716323,105.35,-0.2216323
North America,2011,133.2273992,133.04,-0.1873992
North America,2012,157.2439426,157.46,0.21605740000001106
North America,2013,184.8650833,192.11,7.2449167000000045
North America,2014,202.7334502,213.39,10.656549799999993
North America,2015,228.3564836,230.33,1.9735164000000225
North America,2016,270.5966281,272.44,1.8433719000000224
North America,2017,299.0048059,300.49,1.485194100000001
North America,2018,321.6547475,324.78,3.1252524999999878
North America,2019,348.2575323,353.3,5.0424677000000315
North America,2020,396.7282981,401.31,4.581701899999985
North Macedonia,1990,0,0,0
North Macedonia,1991,0,0,0
North Macedonia,1992,0,0,0
North Macedonia,1993,0,0,0
North Macedonia,1994,0,0,0
North Macedonia,1995,0,0,0
North Macedonia,1996,0,0,0
North Macedonia,1997,0,0,0
North Macedonia,1998,0,0,0
North Macedonia,1999,0,0,0
North Macedonia,2000,0,0,0
North Macedonia,2001,0,0,0
North Macedonia,2002,0,0,0
North Macedonia,2003,0,0,0
North Macedonia,2004,0,0,0
North Macedonia,2005,0,0,0
North Macedonia,2006,0,0,0
North Macedonia,2007,0,0,0
North Macedonia,2008,0,0,0
North Macedonia,2009,0,0,0
North Macedonia,2010,0,0,0
North Macedonia,2011,0,0,0
North Macedonia,2012,0,0,0
North Macedonia,2013,0,0,0
North Macedonia,2014,0.070633,0.07,-0.000633
North Macedonia,2015,0.120767,0.12,-0.000767
North Macedonia,2016,0.109483,0.11,0.000517
North Macedonia,2017,0.11048,0.11,-0.00048
North Macedonia,2018,0.097338,0.1,0.002662
North Macedonia,2019,0.101806,0.1,-0.001806
North Macedonia,2020,0.116885,0.12,0.003115
Norway,1990,0,0,0
Norway,1991,0,0,0
Norway,1992,0,0,0
Norway,1993,0,0.01,0.01
Norway,1994,0,0.01,0.01
Norway,1995,0,0.01,0.01
Norway,1996,0,0.01,0.01
Norway,1997,0,0.01,0.01
Norway,1998,0,0.01,0.01
Norway,1999,0.014276,0.03,0.015724
Norway,2000,0.030199,0.03,-0.000199
Norway,2001,0.028758,0.03,0.001242
Norway,2002,0.038903,0.08,0.041097
Norway,2003,0.219796,0.22,0.000204
Norway,2004,0.259519,0.25,-0.009519
Norway,2005,0.50703,0.5,-0.00703
Norway,2006,0.636,0.64,0.004
Norway,2007,0.892,0.89,-0.002
Norway,2008,0.913,0.91,-0.003
Norway,2009,0.977,0.98,0.003
Norway,2010,0.879,0.88,0.001
Norway,2011,1.283,1.28,-0.003
Norway,2012,1.548,1.55,0.002
Norway,2013,1.881,1.88,-0.001
Norway,2014,2.217,2.22,0.003
Norway,2015,2.515,2.52,0.005
Norway,2016,2.115742,2.12,0.004258
Norway,2017,2.854,2.85,-0.004
Norway,2018,3.877,3.88,0.003
Norway,2019,5.525,5.54,0.015
Norway,2020,9.890451282,9.91,0.019548717999999354
OECD,1990,3.598137183,3.598,-0.000137183
OECD,1991,3.963705766,3.964,0.000294234
OECD,1992,4.512428888,4.512,-0.000428888
OECD,1993,5.385533163,5.386,0.000466837
OECD,1994,6.533022572,6.533,-2.26E-05
OECD,1995,7.133638292,7.134,0.000361708
OECD,1996,8.179981205,8.18,1.879499999901668e-05
OECD,1997,10.71323803,10.713,-0.00023803
OECD,1998,14.35532661,14.355,-0.00032661
OECD,1999,19.07728097,19.077,-0.00028097
OECD,2000,28.76083759,28.64,-0.12083759
OECD,2001,34.77774029,34.72,-0.05774029
OECD,2002,48.42317359,48.45,0.026826410000005296
OECD,2003,58.23305572,58.95,0.7169442799999999
OECD,2004,77.21642275,77.63,0.4135772499999888
OECD,2005,94.61420534,94.59,-0.02420534
OECD,2006,117.6615689,117.9,0.23843109999999967
OECD,2007,150.5577334,150.94,0.38226660000000834
OECD,2008,189.0922558,189.21,0.11774420000000418
OECD,2009,227.066755,227.25,0.18324499999999944
OECD,2010,269.5291486,269.68,0.15085140000002184
OECD,2011,331.3136311,331.22,-0.0936311
OECD,2012,383.5148563,382.06,-1.4548563
OECD,2013,443.8467821,448.29,4.443217900000036
OECD,2014,479.0091136,488.46,9.450886400000002
OECD,2015,559.4432181,558.67,-0.7732181
OECD,2016,607.959638,606.86,-1.099638
OECD,2017,698.4367026,697.11,-1.3267026
OECD,2018,744.7056033,743.8,-0.9056033
OECD,2019,830.8365071,831.83,0.9934929
OECD,2020,932.9431228,931.25,-1.6931228
Oman,1990,0,0,0
Oman,1991,0,0,0
Oman,1992,0,0,0
Oman,1993,0,0,0
Oman,1994,0,0,0
Oman,1995,0,0,0
Oman,1996,0,0,0
Oman,1997,0,0,0
Oman,1998,0,0,0
Oman,1999,0,0,0
Oman,2000,0,0,0
Oman,2001,0,0,0
Oman,2002,0,0,0
Oman,2003,0,0,0
Oman,2004,0,0,0
Oman,2005,0,0,0
Oman,2006,0,0,0
Oman,2007,0,0,0
Oman,2008,0,0,0
Oman,2009,0,0,0
Oman,2010,0,0,0
Oman,2011,0,0,0
Oman,2012,0,0,0
Oman,2013,0,0,0
Oman,2014,0,0,0
Oman,2015,0,0,0
Oman,2016,0,0,0
Oman,2017,0,0,0
Oman,2018,0,0,0
Oman,2019,0,0,0
Oman,2020,0,0,0
Pakistan,1990,0,0,0
Pakistan,1991,0,0,0
Pakistan,1992,0,0,0
Pakistan,1993,0,0,0
Pakistan,1994,0,0,0
Pakistan,1995,0,0,0
Pakistan,1996,0,0,0
Pakistan,1997,0,0,0
Pakistan,1998,0,0,0
Pakistan,1999,0,0,0
Pakistan,2000,0,0,0
Pakistan,2001,0,0,0
Pakistan,2002,0,0,0
Pakistan,2003,0,0,0
Pakistan,2004,0,0,0
Pakistan,2005,0,0,0
Pakistan,2006,0,0,0
Pakistan,2007,0,0,0
Pakistan,2008,0,0,0
Pakistan,2009,0,0.01,0.01
Pakistan,2010,0,0.01,0.01
Pakistan,2011,0,0.02,0.02
Pakistan,2012,0.019,0,-0.019
Pakistan,2013,0.151371646,0.4,0.24862835400000002
Pakistan,2014,0.313367875,0.8,0.486632125
Pakistan,2015,0.598593984,0.79,0.19140601600000007
Pakistan,2016,0.91811907,1.33,0.41188093000000003
Pakistan,2017,1.762901793,2.1,0.33709820700000015
Pakistan,2018,2.83179,3.16,0.32821000000000033
Pakistan,2019,3.148244731,3.29,0.1417552689999999
Pakistan,2020,2.732134282,3.3,0.5678657179999997
Peru,1990,0,0,0
Peru,1991,0,0,0
Peru,1992,0,0,0
Peru,1993,0,0,0
Peru,1994,0,0,0
Peru,1995,0,0,0
Peru,1996,0.0004,0,-0.0004
Peru,1997,0.0006,0.001,0.0004
Peru,1998,0.0005,0,-0.0005
Peru,1999,0.0006,0.001,0.0004
Peru,2000,0.0008,0,-0.0008
Peru,2001,0.0012,0,-0.0012
Peru,2002,0.0012,0,-0.0012
Peru,2003,0.0012,0,-0.0012
Peru,2004,0.0012,0,-0.0012
Peru,2005,0.0012,0,-0.0012
Peru,2006,0.0012,0,-0.0012
Peru,2007,0.0012,0,-0.0012
Peru,2008,0.0012,0,-0.0012
Peru,2009,0.0012,0,-0.0012
Peru,2010,0.0012,0,-0.0012
Peru,2011,0.0012,0,-0.0012
Peru,2012,0.0012,0,-0.0012
Peru,2013,0.0012,0,-0.0012
Peru,2014,0.2575,0.26,0.0025
Peru,2015,0.594374131,0.6,0.005625869
Peru,2016,1.054114626,1.06,0.005885374
Peru,2017,1.073432268,1.07,-0.003432268
Peru,2018,1.502438168,1.5,-0.002438168
Peru,2019,1.655,1.65,-0.005
Peru,2020,1.804,1.81,0.006
Philippines,1990,0,0,0
Philippines,1991,0,0,0
Philippines,1992,0,0,0
Philippines,1993,0,0,0
Philippines,1994,0,0,0
Philippines,1995,0,0,0
Philippines,1996,0,0,0
Philippines,1997,0,0,0
Philippines,1998,0,0,0
Philippines,1999,0,0,0
Philippines,2000,0,0,0
Philippines,2001,0,0,0
Philippines,2002,0,0,0
Philippines,2003,0,0,0
Philippines,2004,0,0,0
Philippines,2005,0.017469,0.02,0.002531
Philippines,2006,0.053235,0.05,-0.003235
Philippines,2007,0.057842,0.06,0.002158
Philippines,2008,0.061386,0.06,-0.001386
Philippines,2009,0.064428,0.06,-0.004428
Philippines,2010,0.061717,0.06,-0.001717
Philippines,2011,0.088204,0.09,0.001796
Philippines,2012,0.075339,0.08,0.004661
Philippines,2013,0.065655,0.07,0.004345
Philippines,2014,0.152052,0.15,-0.002052
Philippines,2015,0.748414,0.75,0.001586
Philippines,2016,0.975219,0.98,0.004781
Philippines,2017,1.093558,1.09,-0.003558
Philippines,2018,1.152923041,1.15,-0.002923041
Philippines,2019,1.04166,1.04,-0.00166
Philippines,2020,1.02645,1.05,0.02355
Poland,1990,0,0,0
Poland,1991,0,0,0
Poland,1992,0,0,0
Poland,1993,0,0,0
Poland,1994,0,0,0
Poland,1995,0.001,0,-0.001
Poland,1996,0,0,0
Poland,1997,0.002,0,-0.002
Poland,1998,0.004,0,-0.004
Poland,1999,0.004,0,-0.004
Poland,2000,0.005,0,-0.005
Poland,2001,0.014,0.01,-0.004
Poland,2002,0.061,0.06,-0.001
Poland,2003,0.124,0.12,-0.004
Poland,2004,0.142,0.14,-0.002
Poland,2005,0.135,0.14,0.005
Poland,2006,0.256,0.26,0.004
Poland,2007,0.522,0.52,-0.002
Poland,2008,0.837,0.84,0.003
Poland,2009,1.077,1.08,0.003
Poland,2010,1.664,1.66,-0.004
Poland,2011,3.205,3.2,-0.005
Poland,2012,4.747,4.75,0.003
Poland,2013,6.004,6,-0.004
Poland,2014,7.678,7.68,0.002
Poland,2015,10.858,10.86,0.002
Poland,2016,12.588,12.59,0.002
Poland,2017,14.909,14.91,0.001
Poland,2018,12.799,12.8,0.001
Poland,2019,15.106759,15.11,0.003241
Poland,2020,15.726,15.8,0.074
Portugal,1990,0.000959596,0,-0.000959596
Portugal,1991,0.000959596,0,-0.000959596
Portugal,1992,0.003838384,0,-0.003838384
Portugal,1993,0.010555556,0.01,-0.000555556
Portugal,1994,0.017,0.02,0.003
Portugal,1995,0.016,0.02,0.004
Portugal,1996,0.021,0.02,-0.001
Portugal,1997,0.038,0.04,0.002
Portugal,1998,0.089,0.09,0.001
Portugal,1999,0.123,0.12,-0.003
Portugal,2000,0.168,0.17,0.002
Portugal,2001,0.256,0.26,0.004
Portugal,2002,0.362,0.36,-0.002
Portugal,2003,0.496,0.5,0.004
Portugal,2004,0.816,0.82,0.004
Portugal,2005,1.773,1.77,-0.003
Portugal,2006,2.925,2.93,0.005
Portugal,2007,4.037,4.04,0.003
Portugal,2008,5.757,5.76,0.003
Portugal,2009,7.577,7.58,0.003
Portugal,2010,9.182,9.18,-0.002
Portugal,2011,9.162,9.16,-0.002
Portugal,2012,10.26,10.26,0
Portugal,2013,12.01460111,12.01,-0.00460111
Portugal,2014,12.11138423,12.11,-0.00138423
Portugal,2015,11.60763787,11.61,0.00236213
Portugal,2016,12.474,12.47,-0.004
Portugal,2017,12.248,12.25,0.002
Portugal,2018,12.617,12.62,0.003
Portugal,2019,13.667,13.67,0.003
Portugal,2020,12.364,12.3,-0.064
Qatar,1990,0,0,0
Qatar,1991,0,0,0
Qatar,1992,0,0,0
Qatar,1993,0,0,0
Qatar,1994,0,0,0
Qatar,1995,0,0,0
Qatar,1996,0,0,0
Qatar,1997,0,0,0
Qatar,1998,0,0,0
Qatar,1999,0,0,0
Qatar,2000,0,0,0
Qatar,2001,0,0,0
Qatar,2002,0,0,0
Qatar,2003,0,0,0
Qatar,2004,0,0,0
Qatar,2005,0,0,0
Qatar,2006,0,0,0
Qatar,2007,0,0,0
Qatar,2008,0,0,0
Qatar,2009,0,0,0
Qatar,2010,0,0,0
Qatar,2011,0,0,0
Qatar,2012,0,0,0
Qatar,2013,0,0,0
Qatar,2014,0,0,0
Qatar,2015,0,0,0
Qatar,2016,0,0,0
Qatar,2017,0,0,0
Qatar,2018,0,0,0
Qatar,2019,0,0,0
Qatar,2020,0,0,0
Romania,1990,0.001010101,0,-0.001010101
Romania,1991,0,0,0
Romania,1992,0,0,0
Romania,1993,0,0,0
Romania,1994,0,0,0
Romania,1995,0,0,0
Romania,1996,0,0,0
Romania,1997,0,0,0
Romania,1998,0,0,0
Romania,1999,0,0,0
Romania,2000,0,0,0
Romania,2001,0,0,0
Romania,2002,0,0,0
Romania,2003,0,0,0
Romania,2004,0,0,0
Romania,2005,0,0,0
Romania,2006,0.001,0,-0.001
Romania,2007,0.003,0,-0.003
Romania,2008,0.005,0,-0.005
Romania,2009,0.009,0.01,0.001
Romania,2010,0.306,0.31,0.004
Romania,2011,1.387,1.39,0.003
Romania,2012,2.64,2.64,0
Romania,2013,4.52,4.52,0
Romania,2014,4.7236,6.2,1.4764
Romania,2015,7.063,7.06,-0.003
Romania,2016,6.59,6.59,0
Romania,2017,7.407,7.41,0.003
Romania,2018,6.322,6.32,-0.002
Romania,2019,6.773,6.77,-0.003
Romania,2020,6.955,6.95,-0.005
Russia,1990,0,0,0
Russia,1991,0,0,0
Russia,1992,0,0,0
Russia,1993,0,0,0
Russia,1994,0,0,0
Russia,1995,0,0,0
Russia,1996,0,0,0
Russia,1997,0,0,0
Russia,1998,0,0,0
Russia,1999,0,0,0
Russia,2000,0.0019,0,-0.0019
Russia,2001,0.0031,0,-0.0031
Russia,2002,0.0062,0.01,0.0038
Russia,2003,0.0086,0.01,0.0014
Russia,2004,0.007,0.01,0.003
Russia,2005,0.0068,0.01,0.0032
Russia,2006,0.0052,0,-0.0052
Russia,2007,0.0066,0.01,0.0034
Russia,2008,0.0052,0,-0.0052
Russia,2009,0.0038,0,-0.0038
Russia,2010,0.004186,0,-0.004186
Russia,2011,0.005392,0,-0.005392
Russia,2012,0.005251,0,-0.005251
Russia,2013,0.004473,0,-0.004473
Russia,2014,0.096106,0.1,0.003894
Russia,2015,0.148037,0.15,0.001963
Russia,2016,0.1481205,0.15,0.0018795
Russia,2017,0.139,0.14,0.001
Russia,2018,0.23716,0.23,-0.00716
Russia,2019,0.31481,0.33,0.015190000000000037
Russia,2020,1.13802,1.14,0.00198
Saudi Arabia,1990,0,0,0
Saudi Arabia,1991,0,0,0
Saudi Arabia,1992,0,0,0
Saudi Arabia,1993,0,0,0
Saudi Arabia,1994,0,0,0
Saudi Arabia,1995,0,0,0
Saudi Arabia,1996,0,0,0
Saudi Arabia,1997,0,0,0
Saudi Arabia,1998,0,0,0
Saudi Arabia,1999,0,0,0
Saudi Arabia,2000,0,0,0
Saudi Arabia,2001,0,0,0
Saudi Arabia,2002,0,0,0
Saudi Arabia,2003,0,0,0
Saudi Arabia,2004,0,0,0
Saudi Arabia,2005,0,0,0
Saudi Arabia,2006,0,0,0
Saudi Arabia,2007,0,0,0
Saudi Arabia,2008,0,0,0
Saudi Arabia,2009,0,0,0
Saudi Arabia,2010,0,0,0
Saudi Arabia,2011,0,0,0
Saudi Arabia,2012,0,0,0
Saudi Arabia,2013,0,0,0
Saudi Arabia,2014,0,0,0
Saudi Arabia,2015,0,0,0
Saudi Arabia,2016,0,0,0
Saudi Arabia,2017,0,0,0
Saudi Arabia,2018,0,0,0
Saudi Arabia,2019,0,0,0
Saudi Arabia,2020,0,0,0
Singapore,1990,0,0,0
Singapore,1991,0,0,0
Singapore,1992,0,0,0
Singapore,1993,0,0,0
Singapore,1994,0,0,0
Singapore,1995,0,0,0
Singapore,1996,0,0,0
Singapore,1997,0,0,0
Singapore,1998,0,0,0
Singapore,1999,0,0,0
Singapore,2000,0,0,0
Singapore,2001,0,0,0
Singapore,2002,0,0,0
Singapore,2003,0,0,0
Singapore,2004,0,0,0
Singapore,2005,0,0,0
Singapore,2006,0,0,0
Singapore,2007,0,0,0
Singapore,2008,0,0,0
Singapore,2009,0,0,0
Singapore,2010,0,0,0
Singapore,2011,0,0,0
Singapore,2012,0,0,0
Singapore,2013,0,0,0
Singapore,2014,0,0,0
Singapore,2015,0,0,0
Singapore,2016,0,0,0
Singapore,2017,0,0,0
Singapore,2018,0,0,0
Singapore,2019,0,0,0
Singapore,2020,0,0,0
Slovakia,1990,0,0,0
Slovakia,1991,0,0,0
Slovakia,1992,0,0,0
Slovakia,1993,0,0,0
Slovakia,1994,0,0,0
Slovakia,1995,0,0,0
Slovakia,1996,0,0,0
Slovakia,1997,0,0,0
Slovakia,1998,0,0,0
Slovakia,1999,0,0,0
Slovakia,2000,0,0,0
Slovakia,2001,0,0,0
Slovakia,2002,0,0,0
Slovakia,2003,0.002,0,-0.002
Slovakia,2004,0.006,0.01,0.004
Slovakia,2005,0.007,0.01,0.003
Slovakia,2006,0.006,0.01,0.004
Slovakia,2007,0.008,0.01,0.002
Slovakia,2008,0.007,0.01,0.003
Slovakia,2009,0.006,0.01,0.004
Slovakia,2010,0.006,0.01,0.004
Slovakia,2011,0.005,0,-0.005
Slovakia,2012,0.006,0.01,0.004
Slovakia,2013,0.006,0.01,0.004
Slovakia,2014,0.006,0.01,0.004
Slovakia,2015,0.006,0.01,0.004
Slovakia,2016,0.006016438,0.01,0.003983562
Slovakia,2017,0.006,0.01,0.004
Slovakia,2018,0.006,0.01,0.004
Slovakia,2019,0.006,0.01,0.004
Slovakia,2020,0.006,0,-0.006
Slovenia,1990,0,0,0
Slovenia,1991,0,0,0
Slovenia,1992,0,0,0
Slovenia,1993,0,0,0
Slovenia,1994,0,0,0
Slovenia,1995,0,0,0
Slovenia,1996,0,0,0
Slovenia,1997,0,0,0
Slovenia,1998,0,0,0
Slovenia,1999,0,0,0
Slovenia,2000,0,0,0
Slovenia,2001,0,0,0
Slovenia,2002,0,0,0
Slovenia,2003,0,0,0
Slovenia,2004,0,0,0
Slovenia,2005,0,0,0
Slovenia,2006,0,0,0
Slovenia,2007,0,0,0
Slovenia,2008,0,0,0
Slovenia,2009,0,0,0
Slovenia,2010,0,0,0
Slovenia,2011,0,0,0
Slovenia,2012,0,0,0
Slovenia,2013,0.004,0,-0.004
Slovenia,2014,0.004,0,-0.004
Slovenia,2015,0.006,0.01,0.004
Slovenia,2016,0.006016438,0.01,0.003983562
Slovenia,2017,0.005716,0.01,0.004284
Slovenia,2018,0.006021,0.01,0.003979
Slovenia,2019,0.00615,0.01,0.00385
Slovenia,2020,0.006207,0.01,0.003793
South Africa,1990,0,0,0
South Africa,1991,0,0,0
South Africa,1992,0,0,0
South Africa,1993,0,0,0
South Africa,1994,0,0,0
South Africa,1995,0,0,0
South Africa,1996,0,0,0
South Africa,1997,0,0,0
South Africa,1998,0,0,0
South Africa,1999,0,0,0
South Africa,2000,0,0,0
South Africa,2001,0,0,0
South Africa,2002,0,0,0
South Africa,2003,0.006,0.01,0.004
South Africa,2004,0.012,0.01,-0.002
South Africa,2005,0.012,0.01,-0.002
South Africa,2006,0.012,0.01,-0.002
South Africa,2007,0.012,0.01,-0.002
South Africa,2008,0.021,0.02,-0.001
South Africa,2009,0.03,0.03,0
South Africa,2010,0.034,0.03,-0.004
South Africa,2011,0.037,0.04,0.003
South Africa,2012,0.037,0.04,0.003
South Africa,2013,0.037,0.01,-0.027
South Africa,2014,1.066,1.06,-0.006
South Africa,2015,3.071,2.5,-0.571
South Africa,2016,4.209,3.7,-0.509
South Africa,2017,5.866960227,4.92,-0.946960227
South Africa,2018,6.416343434,6.47,0.053656565999999906
South Africa,2019,6.680313131,6.62,-0.060313131
South Africa,2020,6.990339389,5.94,-1.050339389
South Korea,1990,0,0,0
South Korea,1991,0,0,0
South Korea,1992,0,0,0
South Korea,1993,0.001,0.001,0
South Korea,1994,0.001,0.001,0
South Korea,1995,0,0,0
South Korea,1996,0,0,0
South Korea,1997,0.001,0.001,0
South Korea,1998,0.002,0.002,0
South Korea,1999,0.005839,0.006,0.000161
South Korea,2000,0.016685,0.02,0.003315
South Korea,2001,0.01259,0.01,-0.00259
South Korea,2002,0.014881,0.01,-0.004881
South Korea,2003,0.024865,0.03,0.005135
South Korea,2004,0.047442,0.05,0.002558
South Korea,2005,0.129888,0.13,0.000112
South Korea,2006,0.238911,0.24,0.001089
South Korea,2007,0.375641,0.38,0.004359
South Korea,2008,0.436034,0.44,0.003966
South Korea,2009,0.685353,0.69,0.004647
South Korea,2010,0.81695,0.82,0.00305
South Korea,2011,0.862884,0.86,-0.002884
South Korea,2012,0.91276,0.92,0.00724
South Korea,2013,1.148179,1.15,0.001821
South Korea,2014,1.145557,1.15,0.004443
South Korea,2015,1.342439,1.34,-0.002439
South Korea,2016,1.683142151,1.68,-0.003142151
South Korea,2017,2.169014326,2.17,0.000985674
South Korea,2018,2.464878951,2.46,-0.004878951
South Korea,2019,2.679157884,2.68,0.000842116
South Korea,2020,3.139589,3.15,0.010410999999999948
Spain,1990,0.014,0.01,-0.004
Spain,1991,0.015,0.01,-0.005
Spain,1992,0.103,0.1,-0.003
Spain,1993,0.116,0.12,0.004
Spain,1994,0.175,0.17,-0.005
Spain,1995,0.27,0.27,0
Spain,1996,0.364,0.36,-0.004
Spain,1997,0.742,0.74,-0.002
Spain,1998,1.352,1.35,-0.002
Spain,1999,2.744,2.74,-0.004
Spain,2000,4.727,4.73,0.003
Spain,2001,6.759,6.76,0.001
Spain,2002,9.342,9.34,-0.002
Spain,2003,12.075,12.07,-0.005
Spain,2004,15.7,15.7,0
Spain,2005,21.176,21.18,0.004
Spain,2006,23.297,23.3,0.003
Spain,2007,27.568,27.57,0.002
Spain,2008,32.946,32.95,0.004
Spain,2009,37.88690305,38.12,0.23309694999999664
Spain,2010,43.68135736,44.27,0.5886426400000033
Spain,2011,42.433,42.92,0.4870000000000019
Spain,2012,49.472,49.47,-0.002
Spain,2013,55.76712989,55.65,-0.11712989
Spain,2014,52.013,52.01,-0.003
Spain,2015,49.325,49.33,0.005
Spain,2016,48.914,48.9,-0.014
Spain,2017,49.127,49.13,0.003
Spain,2018,50.896,50.9,0.004
Spain,2019,53.08907023,55.65,2.5609297700000013
Spain,2020,53.22096655,56.44,3.2190334499999977
Sri Lanka,1990,0,0,0
Sri Lanka,1991,0,0,0
Sri Lanka,1992,0,0,0
Sri Lanka,1993,0,0,0
Sri Lanka,1994,0,0,0
Sri Lanka,1995,0,0,0
Sri Lanka,1996,0,0,0
Sri Lanka,1997,0,0,0
Sri Lanka,1998,0,0,0
Sri Lanka,1999,0.0035,0.004,0.0005
Sri Lanka,2000,0.0034,0,-0.0034
Sri Lanka,2001,0.0035,0,-0.0035
Sri Lanka,2002,0.003605747,0,-0.003605747
Sri Lanka,2003,0.003405747,0,-0.003405747
Sri Lanka,2004,0.002705747,0,-0.002705747
Sri Lanka,2005,0.002405747,0,-0.002405747
Sri Lanka,2006,0.002305747,0,-0.002305747
Sri Lanka,2007,0.002305747,0,-0.002305747
Sri Lanka,2008,0.003241747,0,-0.003241747
Sri Lanka,2009,0.003501447,0,-0.003501447
Sri Lanka,2010,0.053161447,0.05,-0.003161447
Sri Lanka,2011,0.091620447,0.09,-0.001620447
Sri Lanka,2012,0.146807747,0.15,0.003192253
Sri Lanka,2013,0.234581747,0.23,-0.004581747
Sri Lanka,2014,0.272453747,0.27,-0.002453747
Sri Lanka,2015,0.34321,0.34,-0.00321
Sri Lanka,2016,0.34487,0.34,-0.00487
Sri Lanka,2017,0.36681,0.37,0.00319
Sri Lanka,2018,0.32631,0.32,-0.00631
Sri Lanka,2019,0.32631,0.35,0.02369
Sri Lanka,2020,0.640045197,0.35,-0.290045197
Sweden,1990,0.006,0.01,0.004
Sweden,1991,0.013,0.01,-0.003
Sweden,1992,0.031,0.03,-0.001
Sweden,1993,0.052,0.05,-0.002
Sweden,1994,0.075,0.07,-0.005
Sweden,1995,0.105,0.1,-0.005
Sweden,1996,0.144,0.14,-0.004
Sweden,1997,0.203,0.2,-0.003
Sweden,1998,0.308,0.32,0.012
Sweden,1999,0.358,0.36,0.002
Sweden,2000,0.457,0.46,0.003
Sweden,2001,0.482,0.48,-0.002
Sweden,2002,0.608,0.61,0.002
Sweden,2003,0.679,0.68,0.001
Sweden,2004,0.85,0.86,0.010000000000000009
Sweden,2005,0.949,0.94,-0.009
Sweden,2006,0.987,0.98,-0.007
Sweden,2007,1.43,1.43,0
Sweden,2008,1.996,2,0.004
Sweden,2009,2.485,2.49,0.005
Sweden,2010,3.502,3.49,-0.012
Sweden,2011,6.078,6.11,0.032
Sweden,2012,7.165,7.16,-0.005
Sweden,2013,9.842,9.84,-0.002
Sweden,2014,11.234,11.23,-0.004
Sweden,2015,16.268,16.32,0.052
Sweden,2016,15.479,15.48,0.001
Sweden,2017,17.609,17.61,0.001
Sweden,2018,16.623,16.62,-0.003
Sweden,2019,19.847,19.85,0.003
Sweden,2020,28.07137706,27.53,-0.54137706
Switzerland,1990,0,0,0
Switzerland,1991,0,0,0
Switzerland,1992,0,0,0
Switzerland,1993,0,0,0
Switzerland,1994,0,0,0
Switzerland,1995,0,0,0
Switzerland,1996,0.001,0.001,0
Switzerland,1997,0.002,0.002,0
Switzerland,1998,0.003,0.003,0
Switzerland,1999,0.003,0.003,0
Switzerland,2000,0.003,0,-0.003
Switzerland,2001,0.004,0,-0.004
Switzerland,2002,0.005,0,-0.005
Switzerland,2003,0.005,0,-0.005
Switzerland,2004,0.006,0.01,0.004
Switzerland,2005,0.008,0.01,0.002
Switzerland,2006,0.015,0.01,-0.005
Switzerland,2007,0.016,0.02,0.004
Switzerland,2008,0.019,0.02,0.001
Switzerland,2009,0.023,0.02,-0.003
Switzerland,2010,0.037,0.04,0.003
Switzerland,2011,0.07,0.07,0
Switzerland,2012,0.088,0.09,0.002
Switzerland,2013,0.09,0.09,0
Switzerland,2014,0.101,0.1,-0.001
Switzerland,2015,0.11,0.11,0
Switzerland,2016,0.109,0.11,0.001
Switzerland,2017,0.133,0.13,-0.003
Switzerland,2018,0.122,0.12,-0.002
Switzerland,2019,0.146,0.15,0.004
Switzerland,2020,0.169359999,0.14,-0.029359999
Taiwan,1990,0,0,0
Taiwan,1991,0,0,0
Taiwan,1992,0,0,0
Taiwan,1993,0,0,0
Taiwan,1994,0,0,0
Taiwan,1995,0,0,0
Taiwan,1996,0,0,0
Taiwan,1997,0,0,0
Taiwan,1998,0,0,0
Taiwan,1999,0,0,0
Taiwan,2000,0.00138286,0,-0.00138286
Taiwan,2001,0.012228773,0.01,-0.002228773
Taiwan,2002,0.015879599,0.02,0.004120401
Taiwan,2003,0.02376162,0.02,-0.00376162
Taiwan,2004,0.025252811,0.03,0.004747189
Taiwan,2005,0.091300426,0.09,-0.001300426
Taiwan,2006,0.276074732,0.28,0.003925268
Taiwan,2007,0.439534507,0.44,0.000465493
Taiwan,2008,0.588265167,0.59,0.001734833
Taiwan,2009,0.786635449,0.79,0.003364551
Taiwan,2010,1.026337795,1.03,0.003662205
Taiwan,2011,1.492676671,1.49,-0.002676671
Taiwan,2012,1.413468482,1.41,-0.003468482
Taiwan,2013,1.640007611,1.64,-7.61E-06
Taiwan,2014,1.500484383,1.5,-0.000484383
Taiwan,2015,1.525235707,1.53,0.004764293
Taiwan,2016,1.457101846,1.46,0.002898154
Taiwan,2017,1.722458624,1.72,-0.002458624
Taiwan,2018,1.706844213,1.71,0.003155787
Taiwan,2019,1.892231712,1.89,-0.002231712
Taiwan,2020,2.289288107,2.42,0.13071189299999997
Thailand,1990,0,0,0
Thailand,1991,0,0,0
Thailand,1992,0,0,0
Thailand,1993,0,0,0
Thailand,1994,0,0,0
Thailand,1995,0,0,0
Thailand,1996,0,0,0
Thailand,1997,0,0,0
Thailand,1998,0,0,0
Thailand,1999,0,0,0
Thailand,2000,0,0,0
Thailand,2001,0,0,0
Thailand,2002,0,0,0
Thailand,2003,0,0,0
Thailand,2004,0,0,0
Thailand,2005,0,0,0
Thailand,2006,0.000131,0,-0.000131
Thailand,2007,0.000394,0,-0.000394
Thailand,2008,0.000482,0,-0.000482
Thailand,2009,0.001,0,-0.001
Thailand,2010,0.003924,0,-0.003924
Thailand,2011,0.005,0,-0.005
Thailand,2012,0.017179,0.14,0.12282100000000001
Thailand,2013,0.351304,0.31,-0.041304
Thailand,2014,0.396,0.31,-0.086
Thailand,2015,0.328,0.33,0.002
Thailand,2016,0.345,0.34,-0.005
Thailand,2017,1.109,1.11,0.001
Thailand,2018,1.641,1.64,-0.001
Thailand,2019,2.242153395,3.67,1.427846605
Thailand,2020,2.242153395,3.08,0.8378466050000002
Trinidad and Tobago,1990,0,0,0
Trinidad and Tobago,1991,0,0,0
Trinidad and Tobago,1992,0,0,0
Trinidad and Tobago,1993,0,0,0
Trinidad and Tobago,1994,0,0,0
Trinidad and Tobago,1995,0,0,0
Trinidad and Tobago,1996,0,0,0
Trinidad and Tobago,1997,0,0,0
Trinidad and Tobago,1998,0,0,0
Trinidad and Tobago,1999,0,0,0
Trinidad and Tobago,2000,0,0,0
Trinidad and Tobago,2001,0,0,0
Trinidad and Tobago,2002,0,0,0
Trinidad and Tobago,2003,0,0,0
Trinidad and Tobago,2004,0,0,0
Trinidad and Tobago,2005,0,0,0
Trinidad and Tobago,2006,0,0,0
Trinidad and Tobago,2007,0,0,0
Trinidad and Tobago,2008,0,0,0
Trinidad and Tobago,2009,0,0,0
Trinidad and Tobago,2010,0,0,0
Trinidad and Tobago,2011,0,0,0
Trinidad and Tobago,2012,0,0,0
Trinidad and Tobago,2013,0,0,0
Trinidad and Tobago,2014,0,0,0
Trinidad and Tobago,2015,0,0,0
Trinidad and Tobago,2016,0,0,0
Trinidad and Tobago,2017,0,0,0
Trinidad and Tobago,2018,0,0,0
Trinidad and Tobago,2019,0,0,0
Trinidad and Tobago,2020,0,0,0
Turkey,1990,0,0,0
Turkey,1991,0,0,0
Turkey,1992,0,0,0
Turkey,1993,0,0,0
Turkey,1994,0,0,0
Turkey,1995,0,0,0
Turkey,1996,0,0,0
Turkey,1997,0,0,0
Turkey,1998,0.0055,0,-0.0055
Turkey,1999,0.0205,0.02,-0.0005
Turkey,2000,0.0334,0.03,-0.0034
Turkey,2001,0.0624,0.06,-0.0024
Turkey,2002,0.048,0.05,0.002
Turkey,2003,0.0614,0.06,-0.0014
Turkey,2004,0.0577,0.06,0.0023
Turkey,2005,0.059,0.06,0.001
Turkey,2006,0.1305,0.13,-0.0005
Turkey,2007,0.3511,0.36,0.0089
Turkey,2008,0.8465,0.85,0.0035
Turkey,2009,1.49537,1.5,0.00463
Turkey,2010,2.91643,2.92,0.00357
Turkey,2011,4.7239,4.72,-0.0039
Turkey,2012,5.86075,5.86,-0.00075
Turkey,2013,7.55745,7.56,0.00255
Turkey,2014,8.52005,8.52,-5.00E-05
Turkey,2015,11.65247,11.65,-0.00247
Turkey,2016,15.5171,15.52,0.0029
Turkey,2017,17.9038,17.9,-0.0038
Turkey,2018,19.9492,19.95,0.0008
Turkey,2019,21.7307,21.73,-0.0007
Turkey,2020,24.7616267,24.83,0.0683733
Turkmenistan,1990,0,0,0
Turkmenistan,1991,0,0,0
Turkmenistan,1992,0,0,0
Turkmenistan,1993,0,0,0
Turkmenistan,1994,0,0,0
Turkmenistan,1995,0,0,0
Turkmenistan,1996,0,0,0
Turkmenistan,1997,0,0,0
Turkmenistan,1998,0,0,0
Turkmenistan,1999,0,0,0
Turkmenistan,2000,0,0,0
Turkmenistan,2001,0,0,0
Turkmenistan,2002,0,0,0
Turkmenistan,2003,0,0,0
Turkmenistan,2004,0,0,0
Turkmenistan,2005,0,0,0
Turkmenistan,2006,0,0,0
Turkmenistan,2007,0,0,0
Turkmenistan,2008,0,0,0
Turkmenistan,2009,0,0,0
Turkmenistan,2010,0,0,0
Turkmenistan,2011,0,0,0
Turkmenistan,2012,0,0,0
Turkmenistan,2013,0,0,0
Turkmenistan,2014,0,0,0
Turkmenistan,2015,0,0,0
Turkmenistan,2016,0,0,0
Turkmenistan,2017,0,0,0
Turkmenistan,2018,0,0,0
Turkmenistan,2019,0,0,0
Turkmenistan,2020,0,0,0
Ukraine,1990,0,0,0
Ukraine,1991,0,0,0
Ukraine,1992,0,0,0
Ukraine,1993,0,0,0
Ukraine,1994,0,0,0
Ukraine,1995,0,0,0
Ukraine,1996,0,0,0
Ukraine,1997,0,0,0
Ukraine,1998,0.003,0,-0.003
Ukraine,1999,0.003,0,-0.003
Ukraine,2000,0.006,0.01,0.004
Ukraine,2001,0.016,0.02,0.004
Ukraine,2002,0.022,0.02,-0.002
Ukraine,2003,0.031,0.03,-0.001
Ukraine,2004,0.033,0.03,-0.003
Ukraine,2005,0.038,0.04,0.002
Ukraine,2006,0.035,0.03,-0.005
Ukraine,2007,0.045,0.05,0.005
Ukraine,2008,0.045,0.05,0.005
Ukraine,2009,0.043,0.04,-0.003
Ukraine,2010,0.05,0.05,0
Ukraine,2011,0.0895,0.09,0.0005
Ukraine,2012,0.2882,0.29,0.0018
Ukraine,2013,0.6386,0.64,0.0014
Ukraine,2014,1.1302,1.13,-0.0002
Ukraine,2015,1.0844,1.08,-0.0044
Ukraine,2016,0.9538,0.95,-0.0038
Ukraine,2017,0.9834,0.98,-0.0034
Ukraine,2018,1.1884,1.19,0.0016
Ukraine,2019,2.0202,2.02,-0.0002
Ukraine,2020,3.171965426,3.27,0.098034574
United Arab Emirates,1990,0,0,0
United Arab Emirates,1991,0,0,0
United Arab Emirates,1992,0,0,0
United Arab Emirates,1993,0,0,0
United Arab Emirates,1994,0,0,0
United Arab Emirates,1995,0,0,0
United Arab Emirates,1996,0,0,0
United Arab Emirates,1997,0,0,0
United Arab Emirates,1998,0,0,0
United Arab Emirates,1999,0,0,0
United Arab Emirates,2000,0,0,0
United Arab Emirates,2001,0,0,0
United Arab Emirates,2002,0,0,0
United Arab Emirates,2003,0,0,0
United Arab Emirates,2004,0,0,0
United Arab Emirates,2005,0,0,0
United Arab Emirates,2006,0,0,0
United Arab Emirates,2007,0,0,0
United Arab Emirates,2008,0,0,0
United Arab Emirates,2009,0,0,0
United Arab Emirates,2010,0,0,0
United Arab Emirates,2011,0,0,0
United Arab Emirates,2012,0,0,0
United Arab Emirates,2013,0.001489,0,-0.001489
United Arab Emirates,2014,0.002978,0,-0.002978
United Arab Emirates,2015,0.001489,0,-0.001489
United Arab Emirates,2016,0,0,0
United Arab Emirates,2017,0,0,0
United Arab Emirates,2018,0,0,0
United Arab Emirates,2019,0,0,0
United Arab Emirates,2020,0,0,0
United Kingdom,1990,0.009,0.01,0.001
United Kingdom,1991,0.009,0.01,0.001
United Kingdom,1992,0.033,0.04,0.007
United Kingdom,1993,0.217,0.22,0.003
United Kingdom,1994,0.344,0.34,-0.004
United Kingdom,1995,0.392,0.39,-0.002
United Kingdom,1996,0.488,0.49,0.002
United Kingdom,1997,0.667,0.67,0.003
United Kingdom,1998,0.877,0.88,0.003
United Kingdom,1999,0.85,0.85,0
United Kingdom,2000,0.946,0.95,0.004
United Kingdom,2001,0.965,0.97,0.005
United Kingdom,2002,1.259,1.26,0.001
United Kingdom,2003,1.288,1.29,0.002
United Kingdom,2004,1.939,1.94,0.001
United Kingdom,2005,2.912,2.9,-0.012
United Kingdom,2006,4.236,4.23,-0.006
United Kingdom,2007,5.2738175,5.27,-0.0038175
United Kingdom,2008,7.09724817,7.12,0.022751829999999806
United Kingdom,2009,9.280971518,9.28,-0.000971518
United Kingdom,2010,10.28564455,10.29,0.00435545
United Kingdom,2011,15.96296861,15.96,-0.00296861
United Kingdom,2012,19.84711997,19.85,0.00288003
United Kingdom,2013,28.39715173,28.4,0.00284827
United Kingdom,2014,31.95924458,31.96,0.00075542
United Kingdom,2015,40.27471976,40.27,-0.00471976
United Kingdom,2016,37.15942281,37.16,0.00057719
United Kingdom,2017,49.64112128,49.64,-0.00112128
United Kingdom,2018,56.90635052,56.91,0.00364948
United Kingdom,2019,64.33484374,64.33,-0.00484374
United Kingdom,2020,75.60982426,73.83,-1.77982426
United States,1990,2.816767677,2.817,0.000232323
United States,1991,2.980758586,2.981,0.000241414
United States,1992,2.916689899,2.917,0.000310101
United States,1993,3.036188889,3.036,-0.000188889
United States,1994,3.481928283,3.482,7.171700000041525e-05
United States,1995,3.196215152,3.196,-0.000215152
United States,1996,3.266736364,3.267,0.000263636
United States,1997,3.321247475,3.321,-0.000247475
United States,1998,3.056258586,3.056,-0.000258586
United States,1999,4.533331313,4.533,-0.000331313
United States,2000,5.649758586,5.59,-0.059758586
United States,2001,6.805384848,6.74,-0.065384848
United States,2002,10.45886869,10.35,-0.10886869
United States,2003,11.30047071,11.19,-0.11047071
United States,2004,14.28660707,14.14,-0.14660707
United States,2005,17.99045354,17.81,-0.18045354
United States,2006,26.85771414,26.59,-0.26771414
United States,2007,34.79790606,34.45,-0.34790606
United States,2008,55.92232323,55.36,-0.56232323
United States,2009,74.63245657,73.89,-0.74245657
United States,2010,95.60832929,94.65,-0.95832929
United States,2011,121.390504,120.18,-1.210504
United States,2012,142.2441444,140.82,-1.4241444
United States,2013,169.535096,167.84,-1.695096
United States,2014,183.4901838,181.66,-1.8301838
United States,2015,192.644998,190.72,-1.924998
United States,2016,229.2854162,226.99,-2.2954162
United States,2017,256.8714091,254.3,-2.5714091
United States,2018,275.4216707,272.67,-2.7516707
United States,2019,298.871196,295.88,-2.991196
United States,2020,340.9190051,337.94,-2.9790051
Uzbekistan,1990,0,0,0
Uzbekistan,1991,0,0,0
Uzbekistan,1992,0,0,0
Uzbekistan,1993,0,0,0
Uzbekistan,1994,0,0,0
Uzbekistan,1995,0,0,0
Uzbekistan,1996,0,0,0
Uzbekistan,1997,0,0,0
Uzbekistan,1998,0,0,0
Uzbekistan,1999,0,0,0
Uzbekistan,2000,0,0,0
Uzbekistan,2001,0,0,0
Uzbekistan,2002,0,0,0
Uzbekistan,2003,0,0,0
Uzbekistan,2004,0,0,0
Uzbekistan,2005,0,0,0
Uzbekistan,2006,0,0,0
Uzbekistan,2007,0,0,0
Uzbekistan,2008,0,0,0
Uzbekistan,2009,0,0,0
Uzbekistan,2010,0,0,0
Uzbekistan,2011,0,0,0
Uzbekistan,2012,0,0,0
Uzbekistan,2013,0,0,0
Uzbekistan,2014,0,0,0
Uzbekistan,2015,0,0,0
Uzbekistan,2016,0,0,0
Uzbekistan,2017,0,0,0
Uzbekistan,2018,0,0,0
Uzbekistan,2019,0,0,0
Uzbekistan,2020,0,0,0
Venezuela,1990,0,0,0
Venezuela,1991,0,0,0
Venezuela,1992,0,0,0
Venezuela,1993,0,0,0
Venezuela,1994,0,0,0
Venezuela,1995,0,0,0
Venezuela,1996,0,0,0
Venezuela,1997,0,0,0
Venezuela,1998,0,0,0
Venezuela,1999,0,0,0
Venezuela,2000,0,0,0
Venezuela,2001,0,0,0
Venezuela,2002,0,0,0
Venezuela,2003,0,0,0
Venezuela,2004,0,0,0
Venezuela,2005,0,0,0
Venezuela,2006,0,0,0
Venezuela,2007,0,0,0
Venezuela,2008,0,0,0
Venezuela,2009,0,0,0
Venezuela,2010,0,0,0
Venezuela,2011,0,0,0
Venezuela,2012,0,0.05,0.05
Venezuela,2013,0,0.09,0.09
Venezuela,2014,0,0.09,0.09
Venezuela,2015,0.00126,0.09,0.08874
Venezuela,2016,0,0.09,0.09
Venezuela,2017,0,0.09,0.09
Venezuela,2018,0,0.09,0.09
Venezuela,2019,0,0.09,0.09
Venezuela,2020,0,0.09,0.09
Vietnam,1990,0,0,0
Vietnam,1991,0,0,0
Vietnam,1992,0,0,0
Vietnam,1993,0,0,0
Vietnam,1994,0,0,0
Vietnam,1995,0,0,0
Vietnam,1996,0,0,0
Vietnam,1997,0,0,0
Vietnam,1998,0,0,0
Vietnam,1999,0,0,0
Vietnam,2000,0,0,0
Vietnam,2001,0,0,0
Vietnam,2002,0,0,0
Vietnam,2003,0,0,0
Vietnam,2004,0,0,0
Vietnam,2005,0,0,0
Vietnam,2006,0,0,0
Vietnam,2007,0,0,0
Vietnam,2008,0.0017,0,-0.0017
Vietnam,2009,0.0116,0.01,-0.0016
Vietnam,2010,0.0407,0.05,0.0093
Vietnam,2011,0.0407,0.09,0.0493
Vietnam,2012,0.0407,0.09,0.0493
Vietnam,2013,0.0689,0.09,0.021099999999999994
Vietnam,2014,0.0689,0.09,0.021099999999999994
Vietnam,2015,0.1767,0.12,-0.0567
Vietnam,2016,0.2098,0.2,-0.0098
Vietnam,2017,0.268292,0.35,0.081708
Vietnam,2018,0.310233104,0.49,0.179766896
Vietnam,2019,0.000483605,0.72,0.719516395
Vietnam,2020,0.00077947,0.72,0.71922053
Western Africa,1990,0,0,0
Western Africa,1991,0,0,0
Western Africa,1992,0,0,0
Western Africa,1993,0.002,0.002,0
Western Africa,1994,0.0054,0.005,-0.0004
Western Africa,1995,0.0063,0.006,-0.0003
Western Africa,1996,0.0071,0.007,-0.0001
Western Africa,1997,0.0072,0.007,-0.0002
Western Africa,1998,0.0076,0.008,0.0004
Western Africa,1999,0.0078,0.008,0.0002
Western Africa,2000,0.0079,0.008,9.99999999999994e-05
Western Africa,2001,0.00678,0.007,0.00022
Western Africa,2002,0.006884,0.007,0.000116
Western Africa,2003,0.007399,0.007,-0.000399
Western Africa,2004,0.00843,0.008,-0.00043
Western Africa,2005,0.008671,0.009,0.000329
Western Africa,2006,0.009505,0.01,0.000495
Western Africa,2007,0.008887,0.009,0.000113
Western Africa,2008,0.007695,0.008,0.000305
Western Africa,2009,0.007237,0.007,-0.000237
Western Africa,2010,0.005429,0.005,-0.000429
Western Africa,2011,0.019349,0.019,-0.000349
Western Africa,2012,0.064449,0.064,-0.000449
Western Africa,2013,0.092253,0.092,-0.000253
Western Africa,2014,0.092841566,0.093,0.000158434
Western Africa,2015,0.181019128,0.181,-1.91E-05
Western Africa,2016,0.178724988,0.179,0.000275012
Western Africa,2017,0.177542697,0.178,0.000457303
Western Africa,2018,0.190098375,0.19,-9.84E-05
Western Africa,2019,0.183045775,0.183,-4.58E-05
Western Africa,2020,0.182903792,0.183,9.620799999998653e-05
World,1990,3.632470516,3.632,-0.000470516
World,1991,4.086706675,4.087,0.000293325
World,1992,4.733212019,4.733,-0.000212019
World,1993,5.697568819,5.698,0.000431181
World,1994,7.122929844,7.123,7.01560000004875e-05
World,1995,8.261923444,8.262,7.655599999978335e-05
World,1996,9.204600661,9.205,0.000399339
World,1997,12.01781647,12.018,0.00018353
World,1998,15.92126027,15.921,-0.00026027
World,1999,21.21617401,21.216,-0.00017401
World,2000,31.42043456,31.16,-0.26043456
World,2001,38.39045195,38.17,-0.22045195
World,2002,52.33078199,52.06,-0.27078199
World,2003,62.9113953,63.44,0.5286046999999954
World,2004,85.11619243,85.27,0.1538075699999979
World,2005,104.0838798,103.9,-0.1838798
World,2006,132.859216,132.8,-0.059216
World,2007,170.6826206,170.93,0.2473793999999998
World,2008,220.6000452,220.09,-0.5100452
World,2009,276.0205263,275.9,-0.1205263
World,2010,346.4650219,346.22,-0.2450219
World,2011,440.385092,439.9,-0.485092
World,2012,530.5544214,528.9,-1.6544214
World,2013,635.492051,640.06,4.567948999999999
World,2014,705.8058608,716.8,10.99413919999995
World,2015,831.4296883,829.08,-2.3496883
World,2016,962.2273954,959.41,-2.8173954
World,2017,1140.310949,1136.94,-3.370949
World,2018,1269.520536,1268.43,-1.090536
World,2019,1418.170046,1420.08,1.9099539999999706
World,2020,1591.213512,1586.94,-4.273512
